"It's Only the Himalayas",2,£45.17,In stock,travel
"Full Moon over Noah’s Ark: An Odyssey to Mount Ararat and Beyond",4,£49.43,In stock,travel
"See America: A Celebration of Our National Parks & Treasured Sites",3,£48.87,In stock,travel
"Vagabonding: An Uncommon Guide to the Art of Long-Term World Travel",2,£36.94,In stock,travel
"Under the Tuscan Sun",3,£37.33,In stock,travel
"A Summer In Europe",2,£44.34,In stock,travel
"The Great Railway Bazaar",1,£30.54,In stock,travel
"A Year in Provence (Provence #1)",4,£56.88,In stock,travel
"The Road to Little Dribbling: Adventures of an American in Britain (Notes From a Small Island #2)",1,£23.21,In stock,travel
"Neither Here nor There: Travels in Europe",3,£38.95,In stock,travel
"1,000 Places to See Before You Die",5,£26.08,In stock,travel
"Sharp Objects",4,£47.82,In stock,mystery
"In a Dark, Dark Wood",1,£19.63,In stock,mystery
"The Past Never Ends",4,£56.50,In stock,mystery
"A Murder in Time",1,£16.64,In stock,mystery
"The Murder of Roger Ackroyd (Hercule Poirot #4)",4,£44.10,In stock,mystery
"The Last Mile (Amos Decker #2)",2,£54.21,In stock,mystery
"That Darkness (Gardiner and Renner #1)",1,£13.92,In stock,mystery
"Tastes Like Fear (DI Marnie Rome #3)",1,£10.69,In stock,mystery
"A Time of Torment (Charlie Parker #14)",5,£48.35,In stock,mystery
"A Study in Scarlet (Sherlock Holmes #1)",2,£16.73,In stock,mystery
"Poisonous (Max Revere Novels #3)",3,£26.80,In stock,mystery
"Murder at the 42nd Street Library (Raymond Ambler #1)",4,£54.36,In stock,mystery
"Most Wanted",3,£35.28,In stock,mystery
"Hide Away (Eve Duncan #20)",1,£11.84,In stock,mystery
"Boar Island (Anna Pigeon #19)",3,£59.48,In stock,mystery
"The Widow",2,£27.26,In stock,mystery
"Playing with Fire",3,£13.71,In stock,mystery
"What Happened on Beale Street (Secrets of the South Mysteries #2)",5,£25.37,In stock,mystery
"The Bachelor Girl's Guide to Murder (Herringford and Watts Mysteries #1)",5,£52.30,In stock,mystery
"Delivering the Truth (Quaker Midwife Mystery #1)",4,£20.89,In stock,mystery
"The Mysterious Affair at Styles (Hercule Poirot #1)",4,£24.80,In stock,mystery
"In the Woods (Dublin Murder Squad #1)",2,£38.38,In stock,mystery
"The Silkworm (Cormoran Strike #2)",5,£23.05,In stock,mystery
"The Exiled",3,£43.45,In stock,mystery
"The Cuckoo's Calling (Cormoran Strike #1)",1,£19.21,In stock,mystery
"Extreme Prey (Lucas Davenport #26)",3,£25.40,In stock,mystery
"Career of Evil (Cormoran Strike #3)",2,£24.72,In stock,mystery
"The No. 1 Ladies' Detective Agency (No. 1 Ladies' Detective Agency #1)",4,£57.70,In stock,mystery
"The Girl You Lost",5,£12.29,In stock,mystery
"The Girl In The Ice (DCI Erika Foster #1)",3,£15.85,In stock,mystery
"Blood Defense (Samantha Brinkman #1)",3,£20.30,In stock,mystery
"1st to Die (Women's Murder Club #1)",1,£53.98,In stock,mystery
"Tipping the Velvet",1,£53.74,In stock,historical-fiction
"Forever and Forever: The Courtship of Henry Longfellow and Fanny Appleton",3,£29.69,In stock,historical-fiction
"A Flight of Arrows (The Pathfinders #2)",5,£55.53,In stock,historical-fiction
"The House by the Lake",1,£36.95,In stock,historical-fiction
"Mrs. Houdini",5,£30.25,In stock,historical-fiction
"The Marriage of Opposites",4,£28.08,In stock,historical-fiction
"Glory over Everything: Beyond The Kitchen House",3,£45.84,In stock,historical-fiction
"Love, Lies and Spies",2,£20.55,In stock,historical-fiction
"A Paris Apartment",4,£39.01,In stock,historical-fiction
"Lilac Girls",2,£17.28,In stock,historical-fiction
"The Constant Princess (The Tudor Court #1)",3,£16.62,In stock,historical-fiction
"The Invention of Wings",1,£37.34,In stock,historical-fiction
"World Without End (The Pillars of the Earth #2)",4,£32.97,In stock,historical-fiction
"The Passion of Dolssa",5,£28.32,In stock,historical-fiction
"Girl With a Pearl Earring",1,£26.77,In stock,historical-fiction
"Voyager (Outlander #3)",5,£21.07,In stock,historical-fiction
"The Red Tent",5,£35.66,In stock,historical-fiction
"The Last Painting of Sara de Vos",2,£55.55,In stock,historical-fiction
"The Guernsey Literary and Potato Peel Pie Society",1,£49.53,In stock,historical-fiction
"Girl in the Blue Coat",2,£46.83,In stock,historical-fiction
"Between Shades of Gray",5,£20.79,In stock,historical-fiction
"While You Were Mine",5,£41.32,In stock,historical-fiction
"The Secret Healer",3,£34.56,In stock,historical-fiction
"Starlark",3,£25.83,In stock,historical-fiction
"Lost Among the Living",4,£27.70,In stock,historical-fiction
"A Spy's Devotion (The Regency Spies of London #1)",5,£16.97,In stock,historical-fiction
"Scott Pilgrim's Precious Little Life (Scott Pilgrim #1)",5,£52.29,In stock,sequential-art
"Tsubasa: WoRLD CHRoNiCLE 2 (Tsubasa WoRLD CHRoNiCLE #2)",1,£16.28,In stock,sequential-art
"This One Summer",4,£19.49,In stock,sequential-art
"The Nameless City (The Nameless City #1)",4,£38.16,In stock,sequential-art
"Saga, Volume 5 (Saga (Collected Editions) #5)",2,£51.04,In stock,sequential-art
"Rat Queens, Vol. 3: Demons (Rat Queens (Collected Editions) #11-15)",3,£50.40,In stock,sequential-art
"Princess Jellyfish 2-in-1 Omnibus, Vol. 01 (Princess Jellyfish 2-in-1 Omnibus #1)",5,£13.61,In stock,sequential-art
"Pop Gun War, Volume 1: Gift",1,£18.97,In stock,sequential-art
"Patience",3,£10.16,In stock,sequential-art
"Outcast, Vol. 1: A Darkness Surrounds Him (Outcast #1)",4,£15.44,In stock,sequential-art
"orange: The Complete Collection 1 (orange: The Complete Collection #1)",1,£48.41,In stock,sequential-art
"Lumberjanes, Vol. 2: Friendship to the Max (Lumberjanes #5-8)",2,£46.91,In stock,sequential-art
"Lumberjanes, Vol. 1: Beware the Kitten Holy (Lumberjanes #1-4)",3,£45.61,In stock,sequential-art
"Lumberjanes Vol. 3: A Terrible Plan (Lumberjanes #9-12)",2,£19.92,In stock,sequential-art
"I Hate Fairyland, Vol. 1: Madly Ever After (I Hate Fairyland (Compilations) #1-5)",2,£29.17,In stock,sequential-art
"I am a Hero Omnibus Volume 1",3,£54.63,In stock,sequential-art
"Giant Days, Vol. 2 (Giant Days #5-8)",2,£22.11,In stock,sequential-art
"Danganronpa Volume 1",4,£51.99,In stock,sequential-art
"Codename Baboushka, Volume 1: The Conclave of Death",4,£36.72,In stock,sequential-art
"Camp Midnight",4,£17.08,In stock,sequential-art
"Bitch Planet, Vol. 1: Extraordinary Machine (Bitch Planet (Collected Editions))",2,£37.92,In stock,sequential-art
"The Shadow Hero (The Shadow Hero)",1,£33.14,In stock,sequential-art
"Fables, Vol. 1: Legends in Exile (Fables #1)",4,£41.62,In stock,sequential-art
"Batman: The Long Halloween (Batman)",2,£36.50,In stock,sequential-art
"Batman: The Dark Knight Returns (Batman)",5,£15.38,In stock,sequential-art
"Wonder Woman: Earth One, Volume One (Wonder Woman: Earth One #1)",4,£37.34,In stock,sequential-art
"We Are Robin, Vol. 1: The Vigilante Business (We Are Robin #1)",1,£53.90,In stock,sequential-art
"Through the Woods",2,£25.38,In stock,sequential-art
"Superman Vol. 1: Before Truth (Superman by Gene Luen Yang #1)",5,£11.89,In stock,sequential-art
"So Cute It Hurts!!, Vol. 6 (So Cute It Hurts!! #6)",4,£35.43,In stock,sequential-art
"Robin War",3,£47.82,In stock,sequential-art
"Red Hood/Arsenal, Vol. 1: Open for Business (Red Hood/Arsenal #1)",2,£25.48,In stock,sequential-art
"Naruto (3-in-1 Edition), Vol. 14: Includes Vols. 40, 41 & 42 (Naruto: Omnibus #14)",2,£38.39,In stock,sequential-art
"Lowriders to the Center of the Earth (Lowriders in Space #2)",2,£51.51,In stock,sequential-art
"El Deafo",5,£57.62,In stock,sequential-art
"Batman: Europa",2,£32.01,In stock,sequential-art
"Art Ops Vol. 1",3,£48.80,In stock,sequential-art
"Adulthood Is a Myth: A "Sarah's Scribbles" Collection",2,£10.90,In stock,sequential-art
"Fruits Basket, Vol. 9 (Fruits Basket #9)",4,£33.95,In stock,sequential-art
"Roller Girl",5,£14.10,In stock,sequential-art
"Fruits Basket, Vol. 7 (Fruits Basket #7)",1,£19.57,In stock,sequential-art
"Fruits Basket, Vol. 6 (Fruits Basket #6)",4,£20.96,In stock,sequential-art
"Death Note, Vol. 6: Give-and-Take (Death Note #6)",3,£36.39,In stock,sequential-art
"Fruits Basket, Vol. 5 (Fruits Basket #5)",1,£16.33,In stock,sequential-art
"Death Note, Vol. 5: Whiteout (Death Note #5)",1,£52.41,In stock,sequential-art
"The Demon Prince of Momochi House, Vol. 4 (The Demon Prince of Momochi House #4)",2,£27.88,In stock,sequential-art
"Fruits Basket, Vol. 4 (Fruits Basket #4)",4,£50.44,In stock,sequential-art
"The Wicked + The Divine, Vol. 3: Commercial Suicide (The Wicked + The Divine)",3,£14.41,In stock,sequential-art
"The Sandman, Vol. 3: Dream Country (The Sandman (volumes) #3)",5,£55.55,In stock,sequential-art
"Saga, Volume 3 (Saga (Collected Editions) #3)",5,£21.57,In stock,sequential-art
"Prodigy: The Graphic Novel (Legend: The Graphic Novel #2)",3,£43.63,In stock,sequential-art
"Persepolis: The Story of a Childhood (Persepolis #1-2)",1,£39.13,In stock,sequential-art
"Original Fake",3,£31.45,In stock,sequential-art
"Grayson, Vol 3: Nemesis (Grayson #3)",1,£42.72,In stock,sequential-art
"Fruits Basket, Vol. 3 (Fruits Basket #3)",2,£45.17,In stock,sequential-art
"Black Butler, Vol. 1 (Black Butler #1)",1,£49.31,In stock,sequential-art
"Awkward",2,£38.02,In stock,sequential-art
"The Sandman, Vol. 2: The Doll's House (The Sandman (volumes) #2)",1,£54.81,In stock,sequential-art
"Saga, Volume 2 (Saga (Collected Editions) #2)",3,£11.75,In stock,sequential-art
"Fruits Basket, Vol. 2 (Fruits Basket #2)",5,£11.64,In stock,sequential-art
"Y: The Last Man, Vol. 1: Unmanned (Y: The Last Man #1)",4,£18.51,In stock,sequential-art
"The Wicked + The Divine, Vol. 1: The Faust Act (The Wicked + The Divine)",2,£36.52,In stock,sequential-art
"The Sandman, Vol. 1: Preludes and Nocturnes (The Sandman (volumes) #1)",3,£54.12,In stock,sequential-art
"The Complete Maus (Maus #1-2)",3,£10.64,In stock,sequential-art
"Skip Beat!, Vol. 01 (Skip Beat! #1)",3,£42.12,In stock,sequential-art
"Saga, Volume 1 (Saga (Collected Editions) #1)",1,£28.48,In stock,sequential-art
"Rat Queens, Vol. 1: Sass & Sorcery (Rat Queens (Collected Editions) #1-5)",5,£46.96,In stock,sequential-art
"Paper Girls, Vol. 1 (Paper Girls #1-5)",4,£21.71,In stock,sequential-art
"Ouran High School Host Club, Vol. 1 (Ouran High School Host Club #1)",3,£29.87,In stock,sequential-art
"Ms. Marvel, Vol. 1: No Normal (Ms. Marvel (2014-2015) #1)",4,£39.39,In stock,sequential-art
"Hawkeye, Vol. 1: My Life as a Weapon (Hawkeye #1)",3,£45.24,In stock,sequential-art
"Giant Days, Vol. 1 (Giant Days #1-4)",4,£56.76,In stock,sequential-art
"Fruits Basket, Vol. 1 (Fruits Basket #1)",5,£40.28,In stock,sequential-art
"Bleach, Vol. 1: Strawberry and the Soul Reapers (Bleach #1)",5,£34.65,In stock,sequential-art
"Ajin: Demi-Human, Volume 1 (Ajin: Demi-Human #1)",4,£57.06,In stock,sequential-art
"The Secret Garden",4,£15.08,In stock,classics
"The Metamorphosis",1,£28.58,In stock,classics
"The Pilgrim's Progress",2,£50.26,In stock,classics
"The Hound of the Baskervilles (Sherlock Holmes #5)",2,£14.82,In stock,classics
"Little Women (Little Women #1)",4,£28.07,In stock,classics
"Gone with the Wind",3,£32.49,In stock,classics
"Candide",3,£58.63,In stock,classics
"Animal Farm",3,£57.22,In stock,classics
"Wuthering Heights",3,£17.73,In stock,classics
"The Picture of Dorian Gray",2,£29.70,In stock,classics
"The Complete Stories and Poems (The Works of Edgar Allan Poe [Cameo Edition])",4,£26.78,In stock,classics
"Beowulf",2,£38.35,In stock,classics
"And Then There Were None",2,£35.01,In stock,classics
"The Story of Hong Gildong",4,£43.19,In stock,classics
"The Little Prince",2,£45.42,In stock,classics
"Sense and Sensibility",1,£37.46,In stock,classics
"Of Mice and Men",2,£47.11,In stock,classics
"Emma",2,£32.93,In stock,classics
"Alice in Wonderland (Alice's Adventures in Wonderland #1)",1,£55.53,In stock,classics
"Sophie's World",5,£15.94,In stock,philosophy
"The Death of Humanity: and the Case for Life",4,£58.11,In stock,philosophy
"The Stranger",4,£17.44,In stock,philosophy
"Proofs of God: Classical Arguments from Tertullian to Barth",1,£54.21,In stock,philosophy
"Kierkegaard: A Christian Missionary to Christians",1,£47.13,In stock,philosophy
"At The Existentialist Café: Freedom, Being, and apricot cocktails with: Jean-Paul Sartre, Simone de Beauvoir, Albert Camus, Martin Heidegger, Edmund Husserl, Karl Jaspers, Maurice Merleau-Ponty and others",5,£29.93,In stock,philosophy
"Critique of Pure Reason",1,£20.75,In stock,philosophy
"Run, Spot, Run: The Ethics of Keeping Pets",1,£20.02,In stock,philosophy
"The Nicomachean Ethics",1,£36.34,In stock,philosophy
"Meditations",2,£25.89,In stock,philosophy
"Beyond Good and Evil",1,£43.38,In stock,philosophy
"Chase Me (Paris Nights #2)",5,£25.27,In stock,romance
"Black Dust",5,£34.53,In stock,romance
"Her Backup Boyfriend (The Sorensen Family #1)",1,£33.97,In stock,romance
"First and First (Five Boroughs #3)",4,£15.97,In stock,romance
"Fifty Shades Darker (Fifty Shades #2)",1,£21.96,In stock,romance
"The Wedding Dress",1,£24.12,In stock,romance
"Suddenly in Love (Lake Haven #1)",2,£55.99,In stock,romance
"Something More Than This",4,£16.24,In stock,romance
"Doing It Over (Most Likely To #1)",3,£35.61,In stock,romance
"The Wedding Pact (The O'Malleys #2)",3,£32.61,In stock,romance
"Hold Your Breath (Search and Rescue #1)",1,£28.82,In stock,romance
"Dirty (Dive Bar #1)",4,£40.83,In stock,romance
"Take Me Home Tonight (Rock Star Romance #3)",3,£53.98,In stock,romance
"Off the Hook (Fishing for Trouble #1)",3,£47.67,In stock,romance
"A Gentleman's Position (Society of Gentlemen #3)",5,£14.75,In stock,romance
"Sit, Stay, Love",3,£20.90,In stock,romance
"A Girl's Guide to Moving On (New Beginnings #2)",1,£31.30,In stock,romance
"The Perfect Play (Play by Play #1)",3,£59.99,In stock,romance
"Dark Lover (Black Dagger Brotherhood #1)",1,£12.87,In stock,romance
"Changing the Game (Play by Play #2)",3,£13.38,In stock,romance
"A Walk to Remember",1,£56.43,In stock,romance
"The Purest Hook (Second Circle Tattoos #3)",1,£12.25,In stock,romance
"The Obsession",1,£45.43,In stock,romance
"Reservations for Two",3,£11.10,In stock,romance
"Best of My Love (Fool's Gold #20)",2,£27.41,In stock,romance
"Where Lightning Strikes (Bleeding Stars #3)",3,£39.77,In stock,romance
"This One Moment (Pushing Limits #1)",1,£48.71,In stock,romance
"Rhythm, Chord & Malykhin",2,£28.34,In stock,romance
"My Perfect Mistake (Over the Top #1)",2,£38.92,In stock,romance
"Listen to Me (Fusion #1)",3,£58.99,In stock,romance
"Imperfect Harmony",4,£34.74,In stock,romance
"Fighting Fate (Fighting #6)",3,£39.24,In stock,romance
"Deep Under (Walker Security #1)",5,£47.09,In stock,romance
"Charity's Cross (Charles Towne Belles #4)",1,£41.24,In stock,romance
"Bounty (Colorado Mountain #7)",4,£37.26,In stock,romance
"I Had a Nice Time And Other Lies...: How to find love & sh*t like that",4,£57.36,In stock,womens-fiction
"Will You Won't You Want Me?",3,£13.86,In stock,womens-fiction
"Keep Me Posted",4,£20.46,In stock,womens-fiction
"Grey (Fifty Shades #4)",4,£48.49,In stock,womens-fiction
"Meternity",3,£43.58,In stock,womens-fiction
"Some Women",5,£13.73,In stock,womens-fiction
"Shopaholic Ties the Knot (Shopaholic #3)",5,£48.39,In stock,womens-fiction
"Can You Keep a Secret?",1,£21.94,In stock,womens-fiction
"Twenties Girl",2,£42.80,In stock,womens-fiction
"The Undomestic Goddess",4,£45.75,In stock,womens-fiction
"The Nanny Diaries (Nanny #1)",5,£52.53,In stock,womens-fiction
"The Devil Wears Prada (The Devil Wears Prada #1)",1,£44.29,In stock,womens-fiction
"Something Borrowed (Darcy & Rachel #1)",5,£48.96,In stock,womens-fiction
"Something Blue (Darcy & Rachel #2)",1,£54.62,In stock,womens-fiction
"I've Got Your Number",1,£19.69,In stock,womens-fiction
"The Edge of Reason (Bridget Jones #2)",4,£19.18,In stock,womens-fiction
"Bridget Jones's Diary (Bridget Jones #1)",1,£29.82,In stock,womens-fiction
"Tipping the Velvet",1,£53.74,In stock,fiction
"Forever and Forever: The Courtship of Henry Longfellow and Fanny Appleton",3,£29.69,In stock,fiction
"A Flight of Arrows (The Pathfinders #2)",5,£55.53,In stock,fiction
"The House by the Lake",1,£36.95,In stock,fiction
"Mrs. Houdini",5,£30.25,In stock,fiction
"The Marriage of Opposites",4,£28.08,In stock,fiction
"Glory over Everything: Beyond The Kitchen House",3,£45.84,In stock,fiction
"Love, Lies and Spies",2,£20.55,In stock,fiction
"A Paris Apartment",4,£39.01,In stock,fiction
"Lilac Girls",2,£17.28,In stock,fiction
"The Constant Princess (The Tudor Court #1)",3,£16.62,In stock,fiction
"The Invention of Wings",1,£37.34,In stock,fiction
"World Without End (The Pillars of the Earth #2)",4,£32.97,In stock,fiction
"The Passion of Dolssa",5,£28.32,In stock,fiction
"Girl With a Pearl Earring",1,£26.77,In stock,fiction
"Voyager (Outlander #3)",5,£21.07,In stock,fiction
"The Red Tent",5,£35.66,In stock,fiction
"The Last Painting of Sara de Vos",2,£55.55,In stock,fiction
"The Guernsey Literary and Potato Peel Pie Society",1,£49.53,In stock,fiction
"Girl in the Blue Coat",2,£46.83,In stock,fiction
"Between Shades of Gray",5,£20.79,In stock,fiction
"While You Were Mine",5,£41.32,In stock,fiction
"The Secret Healer",3,£34.56,In stock,fiction
"Starlark",3,£25.83,In stock,fiction
"Lost Among the Living",4,£27.70,In stock,fiction
"A Spy's Devotion (The Regency Spies of London #1)",5,£16.97,In stock,fiction
"I Had a Nice Time And Other Lies...: How to find love & sh*t like that",4,£57.36,In stock,fiction
"Will You Won't You Want Me?",3,£13.86,In stock,fiction
"Keep Me Posted",4,£20.46,In stock,fiction
"Grey (Fifty Shades #4)",4,£48.49,In stock,fiction
"Meternity",3,£43.58,In stock,fiction
"Some Women",5,£13.73,In stock,fiction
"Shopaholic Ties the Knot (Shopaholic #3)",5,£48.39,In stock,fiction
"Can You Keep a Secret?",1,£21.94,In stock,fiction
"Twenties Girl",2,£42.80,In stock,fiction
"The Undomestic Goddess",4,£45.75,In stock,fiction
"The Nanny Diaries (Nanny #1)",5,£52.53,In stock,fiction
"The Devil Wears Prada (The Devil Wears Prada #1)",1,£44.29,In stock,fiction
"Something Borrowed (Darcy & Rachel #1)",5,£48.96,In stock,fiction
"Something Blue (Darcy & Rachel #2)",1,£54.62,In stock,fiction
"I've Got Your Number",1,£19.69,In stock,fiction
"The Edge of Reason (Bridget Jones #2)",4,£19.18,In stock,fiction
"Bridget Jones's Diary (Bridget Jones #1)",1,£29.82,In stock,fiction
"Soumission",1,£50.10,In stock,fiction
"Private Paris (Private #10)",5,£47.61,In stock,fiction
"We Love You, Charlie Freeman",5,£50.27,In stock,fiction
"Thirst",5,£17.27,In stock,fiction
"The Murder That Never Was (Forensic Instincts #5)",3,£54.11,In stock,fiction
"Tuesday Nights in 1980",2,£21.04,In stock,fiction
"The Vacationers",4,£42.15,In stock,fiction
"The Regional Office Is Under Attack!",5,£51.36,In stock,fiction
"Finders Keepers (Bill Hodges Trilogy #2)",5,£53.53,In stock,fiction
"The Time Keeper",5,£27.88,In stock,fiction
"The Testament of Mary",4,£52.67,In stock,fiction
"The First Hostage (J.B. Collins #2)",3,£25.85,In stock,fiction
"Take Me with You",3,£45.21,In stock,fiction
"Still Life with Bread Crumbs",3,£26.41,In stock,fiction
"Shtum",4,£55.84,In stock,fiction
"My Name Is Lucy Barton",1,£41.56,In stock,fiction
"My Mrs. Brown",3,£24.48,In stock,fiction
"Mr. Mercedes (Bill Hodges Trilogy #1)",1,£28.90,In stock,fiction
"I Am Pilgrim (Pilgrim #1)",4,£10.60,In stock,fiction
"Eligible (The Austen Project #4)",3,£27.09,In stock,fiction
"Eight Hundred Grapes",4,£14.39,In stock,fiction
"Dear Mr. Knightley",5,£11.21,In stock,fiction
"Cometh the Hour (The Clifton Chronicles #6)",3,£25.01,In stock,fiction
"Balloon Animals",3,£17.03,In stock,fiction
"A Man Called Ove",1,£39.72,In stock,fiction
"The Silent Sister (Riley MacPherson #1)",5,£46.29,In stock,fiction
"The Dinner Party",2,£56.54,In stock,fiction
"The Improbability of Love",1,£59.45,In stock,fiction
"Mothering Sunday",2,£13.34,In stock,fiction
"Lies and Other Acts of Love",1,£45.14,In stock,fiction
"Daredevils",3,£16.34,In stock,fiction
"11/22/63",3,£48.48,In stock,fiction
"The Shack",1,£28.03,In stock,fiction
"The High Mountains of Portugal",1,£51.15,In stock,fiction
"Miller's Valley",2,£58.54,In stock,fiction
"Hystopia: A Novel",4,£21.96,In stock,fiction
"The Bourne Identity (Jason Bourne #1)",4,£42.78,In stock,fiction
"Sister Dear",4,£40.20,In stock,fiction
"Memoirs of a Geisha",3,£49.67,In stock,fiction
"Me Before You (Me Before You #1)",1,£19.02,In stock,fiction
"Deception Point",4,£40.32,In stock,fiction
"The Little Paris Bookshop",3,£24.73,In stock,fiction
"The Firm",3,£45.56,In stock,fiction
"The Expatriates",2,£44.58,In stock,fiction
"Siddhartha",5,£34.22,In stock,fiction
"Last One Home (New Beginnings #1)",3,£59.98,In stock,fiction
"Digital Fortress",5,£58.00,In stock,fiction
"Atlas Shrugged",5,£26.58,In stock,fiction
"Three-Martini Lunch",3,£23.21,In stock,fiction
"The Nightingale",4,£26.26,In stock,fiction
"The Infinities",1,£27.41,In stock,fiction
"The Husband's Secret",5,£52.51,In stock,fiction
"The Da Vinci Code (Robert Langdon #2)",2,£22.96,In stock,fiction
"The Art of Fielding",1,£22.10,In stock,fiction
"Lila (Gilead #3)",3,£12.47,In stock,fiction
"Jurassic Park (Jurassic Park #1)",1,£44.97,In stock,fiction
"Inferno (Robert Langdon #4)",5,£41.00,In stock,fiction
"Crazy Rich Asians (Crazy Rich Asians #1)",5,£49.13,In stock,fiction
"Big Little Lies",1,£22.11,In stock,fiction
"The Course of Love",3,£16.78,In stock,fiction
"When I'm Gone",3,£51.96,In stock,fiction
"The Silent Wife",5,£12.34,In stock,fiction
"The Bette Davis Club",3,£30.66,In stock,fiction
"Kitchens of the Great Midwest",5,£57.20,In stock,fiction
"Bright Lines",5,£39.07,In stock,fiction
"Worlds Elsewhere: Journeys Around Shakespeare’s Globe",5,£40.30,In stock,fiction
"The Five Love Languages: How to Express Heartfelt Commitment to Your Mate",3,£31.05,In stock,fiction
"Reasons to Stay Alive",2,£26.41,In stock,fiction
"#HigherSelfie: Wake Up Your Life. Free Your Soul. Find Your Tribe.",5,£23.11,In stock,fiction
"Unseen City: The Majesty of Pigeons, the Discreet Charm of Snails & Other Wonders of the Urban Wilderness",4,£44.18,In stock,fiction
"Throwing Rocks at the Google Bus: How Growth Became the Enemy of Prosperity",3,£31.12,In stock,fiction
"The Life-Changing Magic of Tidying Up: The Japanese Art of Decluttering and Organizing",3,£16.77,In stock,fiction
"The Gutsy Girl: Escapades for Your Life of Epic Adventure",1,£37.13,In stock,fiction
"The Electric Pencil: Drawings from Inside State Hospital No. 3",1,£56.06,In stock,fiction
"Spark Joy: An Illustrated Master Class on the Art of Organizing and Tidying Up",4,£41.83,In stock,fiction
"Reskilling America: Learning to Labor in the Twenty-First Century",2,£19.83,In stock,fiction
"In the Country We Love: My Family Divided",4,£22.00,In stock,fiction
"Everydata: The Misinformation Hidden in the Little Data You Consume Every Day",2,£54.35,In stock,fiction
"Call the Nurse: True Stories of a Country Nurse on a Scottish Isle",5,£29.14,In stock,fiction
"Algorithms to Live By: The Computer Science of Human Decisions",1,£30.81,In stock,fiction
"The Power of Now: A Guide to Spiritual Enlightenment",2,£43.54,In stock,fiction
"The Omnivore's Dilemma: A Natural History of Four Meals",2,£38.21,In stock,fiction
"The Genius of Birds",1,£17.24,In stock,fiction
"The Artist's Way: A Spiritual Path to Higher Creativity",5,£38.49,In stock,fiction
"So You've Been Publicly Shamed",2,£12.23,In stock,fiction
"Daring Greatly: How the Courage to Be Vulnerable Transforms the Way We Live, Love, Parent, and Lead",3,£19.43,In stock,fiction
"Big Magic: Creative Living Beyond Fear",3,£30.80,In stock,fiction
"Becoming Wise: An Inquiry into the Mystery and Art of Living",2,£27.43,In stock,fiction
"Agnostic: A Spirited Manifesto",5,£12.51,In stock,fiction
"Whole Lotta Creativity Going On: 60 Fun and Unusual Exercises to Awaken and Strengthen Your Creativity",4,£38.20,In stock,fiction
"What's It Like in Space?: Stories from Astronauts Who've Been There",2,£19.60,In stock,fiction
"The Year of Magical Thinking",2,£43.04,In stock,fiction
"The Literature Book (Big Ideas Simply Explained)",3,£17.43,In stock,fiction
"The Bad-Ass Librarians of Timbuktu: And Their Race to Save the World’s Most Precious Manuscripts",1,£15.77,In stock,fiction
"Swell: A Year of Waves",1,£45.58,In stock,fiction
"No Dream Is Too High: Life Lessons From a Man Who Walked on the Moon",2,£21.95,In stock,fiction
"Looking for Lovely: Collecting the Moments that Matter",5,£29.14,In stock,fiction
"Let It Out: A Journey Through Journaling",5,£26.79,In stock,fiction
"Hamilton: The Revolution",3,£58.79,In stock,fiction
"Far & Away: Places on the Brink of Change: Seven Continents, Twenty-Five Years",4,£15.06,In stock,fiction
"Eaternity: More than 150 Deliciously Easy Vegan Recipes for a Long, Healthy, Satisfied, Joyful Life",5,£51.75,In stock,fiction
"Buying In: The Secret Dialogue Between What We Buy and Who We Are",4,£37.80,In stock,fiction
"Brain on Fire: My Month of Madness",5,£49.32,In stock,fiction
"Abstract City",5,£56.37,In stock,fiction
"13 Hours: The Inside Account of What Really Happened In Benghazi",1,£27.06,In stock,fiction
"The Lonely City: Adventures in the Art of Being Alone",2,£33.26,In stock,fiction
"The Diary of a Young Girl",3,£59.90,In stock,fiction
"Snatched: How A Drug Queen Went Undercover for the DEA and Was Kidnapped By Colombian Guerillas",3,£21.21,In stock,fiction
"Furiously Happy: A Funny Book About Horrible Things",4,£41.46,In stock,fiction
"The Sleep Revolution: Transforming Your Life, One Night at a Time",4,£11.68,In stock,fiction
"Mother, Can You Not?",5,£16.89,In stock,fiction
"A Mother's Reckoning: Living in the Aftermath of Tragedy",3,£19.53,In stock,fiction
"10% Happier: How I Tamed the Voice in My Head, Reduced Stress Without Losing My Edge, and Found Self-Help That Actually Works",2,£24.57,In stock,fiction
"Chernobyl 01:23:40: The Incredible True Story of the World's Worst Nuclear Disaster",2,£35.92,In stock,fiction
"Zero to One: Notes on Startups, or How to Build the Future",3,£34.06,In stock,fiction
"Why Not Me?",1,£17.76,In stock,fiction
"When Breath Becomes Air",2,£39.36,In stock,fiction
"The Midnight Assassin: Panic, Scandal, and the Hunt for America's First Serial Killer",4,£28.45,In stock,fiction
"Smarter Faster Better: The Secrets of Being Productive in Life and Business",5,£38.89,In stock,fiction
"Rising Strong",3,£21.82,In stock,fiction
"Man's Search for Meaning",3,£29.48,In stock,fiction
"Love That Boy: What Two Presidents, Eight Road Trips, and My Son Taught Me About a Parent's Expectations",2,£25.06,In stock,fiction
"Living Forward: A Proven Plan to Stop Drifting and Get the Life You Want",3,£12.55,In stock,fiction
"I Will Find You",1,£44.21,In stock,fiction
"Brazen: The Courage to Find the You That's Been Hiding",2,£19.22,In stock,fiction
"Between the World and Me",4,£56.91,In stock,fiction
"Being Mortal: Medicine and What Matters in the End",4,£55.06,In stock,fiction
"A Murder Over a Girl: Justice, Gender, Junior High",3,£13.20,In stock,fiction
"For the Love: Fighting for Grace in a World of Impossible Standards",3,£45.13,In stock,fiction
"Finding God in the Ruins: How God Redeems Pain",2,£46.64,In stock,fiction
"The Man Who Mistook His Wife for a Hat and Other Clinical Tales",4,£59.45,In stock,fiction
"In Cold Blood",4,£49.98,In stock,fiction
"Girl, Interrupted",3,£42.14,In stock,fiction
"Why Save the Bankers?: And Other Essays on Our Economic and Political Crisis",2,£48.67,In stock,fiction
"Talking to Girls About Duran Duran: One Young Man's Quest for True Love and a Cooler Haircut",4,£25.15,In stock,fiction
"My Mother Was Nuts",4,£31.63,In stock,fiction
"Data, A Love Story: How I Gamed Online Dating to Meet My Match",3,£32.35,In stock,fiction
"The Jazz of Physics: The Secret Link Between Music and the Structure of the Universe",3,£38.71,In stock,fiction
"The Gunning of America: Business and the Making of American Gun Culture",4,£16.81,In stock,fiction
"The Geography of Bliss: One Grump's Search for the Happiest Places in the World",2,£28.23,In stock,fiction
"God Is Not Great: How Religion Poisons Everything",1,£27.80,In stock,fiction
"We the People: The Modern-Day Figures Who Have Reshaped and Affirmed the Founding Fathers' Vision of America",3,£31.95,In stock,fiction
"Very Good Lives: The Fringe Benefits of Failure and the Importance of Imagination",3,£50.66,In stock,fiction
"Unstuffed: Decluttering Your Home, Mind, and Soul",1,£58.09,In stock,fiction
"Under the Banner of Heaven: A Story of Violent Faith",1,£30.00,In stock,fiction
"Trespassing Across America: One Man's Epic, Never-Done-Before (and Sort of Illegal) Hike Across the Heartland",1,£53.51,In stock,fiction
"The Name of God is Mercy",2,£37.25,In stock,fiction
"Stiff: The Curious Lives of Human Cadavers",3,£36.74,In stock,fiction
"Spilled Milk: Based on a True Story",1,£49.51,In stock,fiction
"Rise of the Rocket Girls: The Women Who Propelled Us, from Missiles to the Moon to Mars",4,£41.67,In stock,fiction
"Outliers: The Story of Success",1,£14.16,In stock,fiction
"Notes from a Small Island (Notes From a Small Island #1)",1,£40.17,In stock,fiction
"Night (The Night Trilogy #1)",1,£13.51,In stock,fiction
"Miracles from Heaven: A Little Girl, Her Journey to Heaven, and Her Amazing Story of Healing",1,£57.83,In stock,fiction
"Letter to a Christian Nation",1,£22.20,In stock,fiction
"Let's Pretend This Never Happened: A Mostly True Memoir",1,£45.11,In stock,fiction
"It's Never Too Late to Begin Again: Discovering Creativity and Meaning at Midlife and Beyond",1,£42.38,In stock,fiction
"Into the Wild",5,£56.70,In stock,fiction
"In the Garden of Beasts: Love, Terror, and an American Family in Hitler's Berlin",3,£28.85,In stock,fiction
"I Am Malala: The Girl Who Stood Up for Education and Was Shot by the Taliban",2,£28.88,In stock,fiction
"Gratitude",5,£26.66,In stock,fiction
"Disrupted: My Misadventure in the Start-Up Bubble",5,£15.28,In stock,fiction
"Brave Enough",5,£51.32,In stock,fiction
"Born to Run: A Hidden Tribe, Superathletes, and the Greatest Race the World Has Never Seen",2,£27.35,In stock,fiction
"Blink: The Power of Thinking Without Thinking",5,£21.74,In stock,fiction
"Black Flags: The Rise of ISIS",1,£40.87,In stock,fiction
"Are We Smart Enough to Know How Smart Animals Are?",1,£56.58,In stock,fiction
"A Walk in the Woods: Rediscovering America on the Appalachian Trail",4,£30.48,In stock,fiction
"The Suffragettes (Little Black Classics, #96)",2,£11.89,In stock,fiction
"Kindle Paperwhite User's Guide",3,£34.00,In stock,fiction
"H is for Hawk",5,£57.42,In stock,fiction
"Travels with Charley: In Search of America",5,£57.82,In stock,fiction
"The Tumor",5,£41.56,In stock,fiction
"The End of the Jesus Era (An Investigation #1)",1,£14.40,In stock,fiction
"Eat, Pray, Love",3,£51.32,In stock,fiction
"Mesaerion: The Best Science Fiction Stories 1800-1849",1,£37.59,In stock,fiction
"Join",5,£35.67,In stock,fiction
"William Shakespeare's Star Wars: Verily, A New Hope (William Shakespeare's Star Wars #4)",4,£43.30,In stock,fiction
"The Project",1,£10.65,In stock,fiction
"Soft Apocalypse",2,£26.12,In stock,fiction
"Sleeping Giants (Themis Files #1)",1,£48.74,In stock,fiction
"Arena",4,£21.36,In stock,fiction
"Foundation (Foundation (Publication Order) #1)",1,£32.42,In stock,fiction
"The Restaurant at the End of the Universe (Hitchhiker's Guide to the Galaxy #2)",1,£10.92,In stock,fiction
"Ready Player One",4,£19.07,In stock,fiction
"Life, the Universe and Everything (Hitchhiker's Guide to the Galaxy #3)",2,£33.26,In stock,fiction
"Dune (Dune #1)",1,£54.86,In stock,fiction
"Do Androids Dream of Electric Sheep? (Blade Runner #1)",1,£51.48,In stock,fiction
"Three Wishes (River of Time: California #1)",2,£44.18,In stock,fiction
"The Last Girl (The Dominion Trilogy #1)",2,£36.26,In stock,fiction
"Having the Barbarian's Baby (Ice Planet Barbarians #7.5)",4,£34.96,In stock,fiction
"Fifty Shades Freed (Fifty Shades #3)",5,£15.36,In stock,fiction
"Redeeming Love",5,£20.47,In stock,fiction
"Close to You",4,£49.46,In stock,fiction
"Shadows of the Past (Logan Point #1)",5,£39.67,In stock,fiction
"Like Never Before (Walker Family #2)",2,£28.77,In stock,fiction
"Counted With the Stars (Out from Egypt #1)",5,£17.97,In stock,fiction
"If I Run (If I Run #1)",4,£49.97,In stock,fiction
"Birdsong: A Story in Pictures",3,£54.64,In stock,childrens
"The Bear and the Piano",1,£36.89,In stock,childrens
"The Secret of Dreadwillow Carse",1,£56.13,In stock,childrens
"The White Cat and the Monk: A Retelling of the Poem “Pangur Bán”",4,£58.08,In stock,childrens
"Little Red",3,£13.47,In stock,childrens
"Walt Disney's Alice in Wonderland",5,£12.96,In stock,childrens
"Twenty Yawns",2,£22.08,In stock,childrens
"Rain Fish",3,£23.57,In stock,childrens
"Once Was a Time",2,£18.28,In stock,childrens
"Luis Paints the World",3,£53.95,In stock,childrens
"Nap-a-Roo",1,£25.08,In stock,childrens
"The Whale",4,£35.96,In stock,childrens
"Shrunken Treasures: Literary Classics, Short, Sweet, and Silly",3,£52.87,In stock,childrens
"Raymie Nightingale",2,£34.41,In stock,childrens
"Playing from the Heart",1,£32.38,In stock,childrens
"Maybe Something Beautiful: How Art Transformed a Neighborhood",1,£22.54,In stock,childrens
"The Wild Robot",3,£56.07,In stock,childrens
"The Thing About Jellyfish",1,£48.77,In stock,childrens
"The Lonely Ones",5,£43.59,In stock,childrens
"The Day the Crayons Came Home (Crayons)",5,£26.33,In stock,childrens
"The Cat in the Hat (Beginner Books B-1)",2,£16.26,In stock,childrens
"Red: The True Story of Red Riding Hood",3,£28.54,In stock,childrens
"Horrible Bear!",2,£37.52,In stock,childrens
"Green Eggs and Ham (Beginner Books B-16)",4,£10.79,In stock,childrens
"Counting Thyme",1,£10.62,In stock,childrens
"Are We There Yet?",3,£10.66,In stock,childrens
"Diary of a Minecraft Zombie Book 1: A Scare of a Dare (An Unofficial Minecraft Book)",4,£52.88,In stock,childrens
"Matilda",1,£28.34,In stock,childrens
"Charlie and the Chocolate Factory (Charlie Bucket #1)",3,£22.85,In stock,childrens
"Don't Be a Jerk: And Other Practical Advice from Dogen, Japan's Greatest Zen Master",2,£37.97,In stock,religion
"You Are What You Love: The Spiritual Power of Habit",4,£21.87,In stock,religion
"God: The Most Unpleasant Character in All Fiction",5,£30.03,In stock,religion
"The Book of Mormon",3,£24.57,In stock,religion
"A History of God: The 4,000-Year Quest of Judaism, Christianity, and Islam",1,£27.62,In stock,religion
"The Bhagavad Gita",3,£57.49,In stock,religion
"Choosing Our Religion: The Spiritual Lives of America's Nones",4,£28.42,In stock,religion
"Worlds Elsewhere: Journeys Around Shakespeare’s Globe",5,£40.30,In stock,nonfiction
"The Five Love Languages: How to Express Heartfelt Commitment to Your Mate",3,£31.05,In stock,nonfiction
"Reasons to Stay Alive",2,£26.41,In stock,nonfiction
"#HigherSelfie: Wake Up Your Life. Free Your Soul. Find Your Tribe.",5,£23.11,In stock,nonfiction
"Unseen City: The Majesty of Pigeons, the Discreet Charm of Snails & Other Wonders of the Urban Wilderness",4,£44.18,In stock,nonfiction
"Throwing Rocks at the Google Bus: How Growth Became the Enemy of Prosperity",3,£31.12,In stock,nonfiction
"The Life-Changing Magic of Tidying Up: The Japanese Art of Decluttering and Organizing",3,£16.77,In stock,nonfiction
"The Gutsy Girl: Escapades for Your Life of Epic Adventure",1,£37.13,In stock,nonfiction
"The Electric Pencil: Drawings from Inside State Hospital No. 3",1,£56.06,In stock,nonfiction
"Spark Joy: An Illustrated Master Class on the Art of Organizing and Tidying Up",4,£41.83,In stock,nonfiction
"Reskilling America: Learning to Labor in the Twenty-First Century",2,£19.83,In stock,nonfiction
"In the Country We Love: My Family Divided",4,£22.00,In stock,nonfiction
"Everydata: The Misinformation Hidden in the Little Data You Consume Every Day",2,£54.35,In stock,nonfiction
"Call the Nurse: True Stories of a Country Nurse on a Scottish Isle",5,£29.14,In stock,nonfiction
"Algorithms to Live By: The Computer Science of Human Decisions",1,£30.81,In stock,nonfiction
"The Power of Now: A Guide to Spiritual Enlightenment",2,£43.54,In stock,nonfiction
"The Omnivore's Dilemma: A Natural History of Four Meals",2,£38.21,In stock,nonfiction
"The Genius of Birds",1,£17.24,In stock,nonfiction
"The Artist's Way: A Spiritual Path to Higher Creativity",5,£38.49,In stock,nonfiction
"So You've Been Publicly Shamed",2,£12.23,In stock,nonfiction
"Daring Greatly: How the Courage to Be Vulnerable Transforms the Way We Live, Love, Parent, and Lead",3,£19.43,In stock,nonfiction
"Big Magic: Creative Living Beyond Fear",3,£30.80,In stock,nonfiction
"Becoming Wise: An Inquiry into the Mystery and Art of Living",2,£27.43,In stock,nonfiction
"Agnostic: A Spirited Manifesto",5,£12.51,In stock,nonfiction
"Whole Lotta Creativity Going On: 60 Fun and Unusual Exercises to Awaken and Strengthen Your Creativity",4,£38.20,In stock,nonfiction
"What's It Like in Space?: Stories from Astronauts Who've Been There",2,£19.60,In stock,nonfiction
"The Year of Magical Thinking",2,£43.04,In stock,nonfiction
"The Literature Book (Big Ideas Simply Explained)",3,£17.43,In stock,nonfiction
"The Bad-Ass Librarians of Timbuktu: And Their Race to Save the World’s Most Precious Manuscripts",1,£15.77,In stock,nonfiction
"Swell: A Year of Waves",1,£45.58,In stock,nonfiction
"No Dream Is Too High: Life Lessons From a Man Who Walked on the Moon",2,£21.95,In stock,nonfiction
"Looking for Lovely: Collecting the Moments that Matter",5,£29.14,In stock,nonfiction
"Let It Out: A Journey Through Journaling",5,£26.79,In stock,nonfiction
"Hamilton: The Revolution",3,£58.79,In stock,nonfiction
"Far & Away: Places on the Brink of Change: Seven Continents, Twenty-Five Years",4,£15.06,In stock,nonfiction
"Eaternity: More than 150 Deliciously Easy Vegan Recipes for a Long, Healthy, Satisfied, Joyful Life",5,£51.75,In stock,nonfiction
"Buying In: The Secret Dialogue Between What We Buy and Who We Are",4,£37.80,In stock,nonfiction
"Brain on Fire: My Month of Madness",5,£49.32,In stock,nonfiction
"Abstract City",5,£56.37,In stock,nonfiction
"13 Hours: The Inside Account of What Really Happened In Benghazi",1,£27.06,In stock,nonfiction
"The Lonely City: Adventures in the Art of Being Alone",2,£33.26,In stock,nonfiction
"The Diary of a Young Girl",3,£59.90,In stock,nonfiction
"Snatched: How A Drug Queen Went Undercover for the DEA and Was Kidnapped By Colombian Guerillas",3,£21.21,In stock,nonfiction
"Furiously Happy: A Funny Book About Horrible Things",4,£41.46,In stock,nonfiction
"The Sleep Revolution: Transforming Your Life, One Night at a Time",4,£11.68,In stock,nonfiction
"Mother, Can You Not?",5,£16.89,In stock,nonfiction
"A Mother's Reckoning: Living in the Aftermath of Tragedy",3,£19.53,In stock,nonfiction
"10% Happier: How I Tamed the Voice in My Head, Reduced Stress Without Losing My Edge, and Found Self-Help That Actually Works",2,£24.57,In stock,nonfiction
"Chernobyl 01:23:40: The Incredible True Story of the World's Worst Nuclear Disaster",2,£35.92,In stock,nonfiction
"Zero to One: Notes on Startups, or How to Build the Future",3,£34.06,In stock,nonfiction
"Why Not Me?",1,£17.76,In stock,nonfiction
"When Breath Becomes Air",2,£39.36,In stock,nonfiction
"The Midnight Assassin: Panic, Scandal, and the Hunt for America's First Serial Killer",4,£28.45,In stock,nonfiction
"Smarter Faster Better: The Secrets of Being Productive in Life and Business",5,£38.89,In stock,nonfiction
"Rising Strong",3,£21.82,In stock,nonfiction
"Man's Search for Meaning",3,£29.48,In stock,nonfiction
"Love That Boy: What Two Presidents, Eight Road Trips, and My Son Taught Me About a Parent's Expectations",2,£25.06,In stock,nonfiction
"Living Forward: A Proven Plan to Stop Drifting and Get the Life You Want",3,£12.55,In stock,nonfiction
"I Will Find You",1,£44.21,In stock,nonfiction
"Brazen: The Courage to Find the You That's Been Hiding",2,£19.22,In stock,nonfiction
"Between the World and Me",4,£56.91,In stock,nonfiction
"Being Mortal: Medicine and What Matters in the End",4,£55.06,In stock,nonfiction
"A Murder Over a Girl: Justice, Gender, Junior High",3,£13.20,In stock,nonfiction
"For the Love: Fighting for Grace in a World of Impossible Standards",3,£45.13,In stock,nonfiction
"Finding God in the Ruins: How God Redeems Pain",2,£46.64,In stock,nonfiction
"The Man Who Mistook His Wife for a Hat and Other Clinical Tales",4,£59.45,In stock,nonfiction
"In Cold Blood",4,£49.98,In stock,nonfiction
"Girl, Interrupted",3,£42.14,In stock,nonfiction
"Why Save the Bankers?: And Other Essays on Our Economic and Political Crisis",2,£48.67,In stock,nonfiction
"Talking to Girls About Duran Duran: One Young Man's Quest for True Love and a Cooler Haircut",4,£25.15,In stock,nonfiction
"My Mother Was Nuts",4,£31.63,In stock,nonfiction
"Data, A Love Story: How I Gamed Online Dating to Meet My Match",3,£32.35,In stock,nonfiction
"The Jazz of Physics: The Secret Link Between Music and the Structure of the Universe",3,£38.71,In stock,nonfiction
"The Gunning of America: Business and the Making of American Gun Culture",4,£16.81,In stock,nonfiction
"The Geography of Bliss: One Grump's Search for the Happiest Places in the World",2,£28.23,In stock,nonfiction
"God Is Not Great: How Religion Poisons Everything",1,£27.80,In stock,nonfiction
"We the People: The Modern-Day Figures Who Have Reshaped and Affirmed the Founding Fathers' Vision of America",3,£31.95,In stock,nonfiction
"Very Good Lives: The Fringe Benefits of Failure and the Importance of Imagination",3,£50.66,In stock,nonfiction
"Unstuffed: Decluttering Your Home, Mind, and Soul",1,£58.09,In stock,nonfiction
"Under the Banner of Heaven: A Story of Violent Faith",1,£30.00,In stock,nonfiction
"Trespassing Across America: One Man's Epic, Never-Done-Before (and Sort of Illegal) Hike Across the Heartland",1,£53.51,In stock,nonfiction
"The Name of God is Mercy",2,£37.25,In stock,nonfiction
"Stiff: The Curious Lives of Human Cadavers",3,£36.74,In stock,nonfiction
"Spilled Milk: Based on a True Story",1,£49.51,In stock,nonfiction
"Rise of the Rocket Girls: The Women Who Propelled Us, from Missiles to the Moon to Mars",4,£41.67,In stock,nonfiction
"Outliers: The Story of Success",1,£14.16,In stock,nonfiction
"Notes from a Small Island (Notes From a Small Island #1)",1,£40.17,In stock,nonfiction
"Night (The Night Trilogy #1)",1,£13.51,In stock,nonfiction
"Miracles from Heaven: A Little Girl, Her Journey to Heaven, and Her Amazing Story of Healing",1,£57.83,In stock,nonfiction
"Letter to a Christian Nation",1,£22.20,In stock,nonfiction
"Let's Pretend This Never Happened: A Mostly True Memoir",1,£45.11,In stock,nonfiction
"It's Never Too Late to Begin Again: Discovering Creativity and Meaning at Midlife and Beyond",1,£42.38,In stock,nonfiction
"Into the Wild",5,£56.70,In stock,nonfiction
"In the Garden of Beasts: Love, Terror, and an American Family in Hitler's Berlin",3,£28.85,In stock,nonfiction
"I Am Malala: The Girl Who Stood Up for Education and Was Shot by the Taliban",2,£28.88,In stock,nonfiction
"Gratitude",5,£26.66,In stock,nonfiction
"Disrupted: My Misadventure in the Start-Up Bubble",5,£15.28,In stock,nonfiction
"Brave Enough",5,£51.32,In stock,nonfiction
"Born to Run: A Hidden Tribe, Superathletes, and the Greatest Race the World Has Never Seen",2,£27.35,In stock,nonfiction
"Blink: The Power of Thinking Without Thinking",5,£21.74,In stock,nonfiction
"Black Flags: The Rise of ISIS",1,£40.87,In stock,nonfiction
"Are We Smart Enough to Know How Smart Animals Are?",1,£56.58,In stock,nonfiction
"A Walk in the Woods: Rediscovering America on the Appalachian Trail",4,£30.48,In stock,nonfiction
"The Suffragettes (Little Black Classics, #96)",2,£11.89,In stock,nonfiction
"Kindle Paperwhite User's Guide",3,£34.00,In stock,nonfiction
"H is for Hawk",5,£57.42,In stock,nonfiction
"Travels with Charley: In Search of America",5,£57.82,In stock,nonfiction
"The Tumor",5,£41.56,In stock,nonfiction
"The End of the Jesus Era (An Investigation #1)",1,£14.40,In stock,nonfiction
"Eat, Pray, Love",3,£51.32,In stock,nonfiction
"Rip it Up and Start Again",5,£35.02,In stock,music
"Our Band Could Be Your Life: Scenes from the American Indie Underground, 1981-1991",3,£57.25,In stock,music
"How Music Works",2,£37.32,In stock,music
"Love Is a Mix Tape (Music #1)",1,£18.03,In stock,music
"Please Kill Me: The Uncensored Oral History of Punk",4,£31.19,In stock,music
"Kill 'Em and Leave: Searching for James Brown and the American Soul",5,£45.05,In stock,music
"Chronicles, Vol. 1",2,£52.60,In stock,music
"This Is Your Brain on Music: The Science of a Human Obsession",1,£38.40,In stock,music
"Orchestra of Exiles: The Story of Bronislaw Huberman, the Israel Philharmonic, and the One Thousand Jews He Saved from Nazi Horrors",3,£12.36,In stock,music
"No One Here Gets Out Alive",5,£20.02,In stock,music
"Life",5,£31.58,In stock,music
"Old Records Never Die: One Man's Quest for His Vinyl and His Past",2,£55.66,In stock,music
"Forever Rockers (The Rocker #12)",3,£28.80,In stock,music
"The Coming Woman: A Novel Based on the Life of the Infamous Feminist, Victoria Woodhull",3,£17.93,In stock,default
"The Boys in the Boat: Nine Americans and Their Epic Quest for Gold at the 1936 Berlin Olympics",4,£22.60,In stock,default
"Starving Hearts (Triangular Trade Trilogy, #1)",2,£13.99,In stock,default
"America's Cradle of Quarterbacks: Western Pennsylvania's Football Factory from Johnny Unitas to Joe Montana",3,£22.50,In stock,default
"Aladdin and His Wonderful Lamp",3,£53.13,In stock,default
"Penny Maybe",3,£33.29,In stock,default
"Maude (1883-1993):She Grew Up with the country",2,£18.02,In stock,default
"The Inefficiency Assassin: Time Management Tactics for Working Smarter, Not Longer",5,£20.59,In stock,default
"Soul Reader",2,£39.58,In stock,default
"Bossypants",2,£49.46,In stock,default
"A World of Flavor: Your Gluten Free Passport",1,£42.95,In stock,default
"A Piece of Sky, a Grain of Rice: A Memoir in Four Meditations",5,£56.76,In stock,default
"Tracing Numbers on a Train",3,£41.60,In stock,default
"Thirteen Reasons Why",1,£52.72,In stock,default
"The Secret (The Secret #1)",4,£27.37,In stock,default
"The Psychopath Test: A Journey Through the Madness Industry",2,£36.00,In stock,default
"The Kite Runner",4,£41.82,In stock,default
"The Girl on the Train",2,£55.02,In stock,default
"The Emerald Mystery",2,£23.15,In stock,default
"The Bridge to Consciousness: I'm Writing the Bridge Between Science and Our Old and New Beliefs.",3,£32.00,In stock,default
"The Art of War",5,£33.34,In stock,default
"Secrets and Lace (Fatal Hearts #1)",1,£20.27,In stock,default
"Romero and Juliet: A Tragic Tale of Love and Zombies",1,£36.94,In stock,default
"Poses for Artists Volume 1 - Dynamic and Sitting Poses: An Essential Reference for Figure Drawing and the Human Form",1,£41.06,In stock,default
"Miss Peregrine’s Home for Peculiar Children (Miss Peregrine’s Peculiar Children #1)",1,£10.76,In stock,default
"Large Print Heart of the Pride",2,£19.15,In stock,default
"Grumbles",2,£22.16,In stock,default
"First Steps for New Christians (Print Edition)",1,£29.00,In stock,default
"Eureka Trivia 6.0",4,£54.59,In stock,default
"Drive: The Surprising Truth About What Motivates Us",4,£34.95,In stock,default
"Done Rubbed Out (Reightman & Bailey #1)",5,£37.72,In stock,default
"Beauty Restored (Riley Family Legacy Novellas #3)",2,£11.11,In stock,default
"Ayumi's Violin",2,£15.48,In stock,default
"Anonymous",4,£46.82,In stock,default
"Amy Meets the Saints and Sages",3,£18.46,In stock,default
"Amatus",5,£50.54,In stock,default
"V for Vendetta (V for Vendetta Complete)",4,£37.10,In stock,default
"Unbroken: A World War II Story of Survival, Resilience, and Redemption",2,£45.95,In stock,default
"The Wright Brothers",4,£56.80,In stock,default
"The Songs of the Gods",5,£44.48,In stock,default
"The Rosie Project (Don Tillman #1)",1,£54.04,In stock,default
"The Power of Habit: Why We Do What We Do in Life and Business",3,£16.88,In stock,default
"Steve Jobs",5,£39.50,In stock,default
"Luckiest Girl Alive",3,£49.83,In stock,default
"Living Leadership by Insight: A Good Leader Achieves, a Great Leader Builds Monuments",4,£46.91,In stock,default
"Lady Midnight (The Dark Artifices #1)",5,£16.28,In stock,default
"Hush, Hush (Hush, Hush #1)",3,£47.02,In stock,default
"Greek Mythic History",5,£10.23,In stock,default
"Every Last Word",3,£46.47,In stock,default
"Daily Fantasy Sports",1,£36.58,In stock,default
"Clockwork Angel (The Infernal Devices #1)",1,£44.14,In stock,default
"City of Fallen Angels (The Mortal Instruments #4)",4,£11.23,In stock,default
"City of Bones (The Mortal Instruments #1)",1,£43.28,In stock,default
"City of Ashes (The Mortal Instruments #2)",1,£47.27,In stock,default
"Carry On, Warrior: Thoughts on Life Unarmed",3,£31.85,In stock,default
"Carrie",2,£46.23,In stock,default
"Angels & Demons (Robert Langdon #1)",3,£51.48,In stock,default
"The Three Searches, Meaning, and the Story",3,£13.33,In stock,default
"Raspberry Pi Electronics Projects for the Evil Genius",4,£49.67,In stock,default
"How to Speak Golf: An Illustrated Guide to Links Lingo",5,£58.32,In stock,default
"Eleanor & Park",5,£56.51,In stock,default
"Troublemaker: Surviving Hollywood and Scientology",2,£48.39,In stock,default
"Adultery",5,£20.88,In stock,default
"Unlimited Intuition Now",4,£58.87,In stock,default
"Underlying Notes",2,£11.82,In stock,default
"The New Brand You: Your New Image Makes the Sale for You",5,£44.05,In stock,default
"The Flowers Lied",2,£16.68,In stock,default
"NaNo What Now? Finding your editing process, revising your NaNoWriMo book and building a writing career through publishing and beyond",4,£10.41,In stock,default
"Modern Day Fables",2,£47.44,In stock,default
"The Unlikely Pilgrimage of Harold Fry (Harold Fry #1)",5,£43.62,In stock,default
"The Martian (The Martian #1)",2,£41.39,In stock,default
"Left Behind (Left Behind #1)",2,£40.72,In stock,default
"John Vassos: Industrial Design for Modern Life",4,£20.22,In stock,default
"I'll Give You the Sun",1,£56.48,In stock,default
"Heaven is for Real: A Little Boy's Astounding Story of His Trip to Heaven and Back",2,£52.86,In stock,default
"Ender's Game (The Ender Quintet #1)",1,£43.64,In stock,default
"Death by Leisure: A Cautionary Tale",4,£37.51,In stock,default
"Wildlife of New York: A Five-Borough Coloring Book",2,£22.14,In stock,default
"The Year of Living Biblically: One Man's Humble Quest to Follow the Bible as Literally as Possible",1,£34.72,In stock,default
"The Great Gatsby",4,£36.05,In stock,default
"The Good Girl",3,£49.03,In stock,default
"The 7 Habits of Highly Effective People: Powerful Lessons in Personal Change",4,£33.17,In stock,default
"Steal Like an Artist: 10 Things Nobody Told You About Being Creative",2,£20.90,In stock,default
"Life of Pi",4,£13.22,In stock,default
"The Sound Of Love",5,£57.84,In stock,default
"The Perks of Being a Wallflower",3,£55.02,In stock,default
"The Makings of a Fatherless Child",2,£31.58,In stock,default
"The Hobbit (Middle-Earth Universe)",5,£17.80,In stock,default
"The Fellowship of the Ring (The Lord of the Rings #1)",2,£10.27,In stock,default
"Ship Leaves Harbor: Essays on Travel by a Recovering Journeyman",3,£30.60,In stock,default
"Musicophilia: Tales of Music and the Brain",1,£46.58,In stock,default
"What If?: Serious Scientific Answers to Absurd Hypothetical Questions",4,£53.68,In stock,default
"The Fault in Our Stars",1,£47.22,In stock,default
"The Dream Thieves (The Raven Cycle #2)",1,£34.50,In stock,default
"The 5th Wave (The 5th Wave #1)",2,£11.83,In stock,default
"Shiver (The Wolves of Mercy Falls #1)",5,£16.23,In stock,default
"Remember Me?",3,£11.48,In stock,default
"If I Stay (If I Stay #1)",5,£38.13,In stock,default
"I Know Why the Caged Bird Sings (Maya Angelou's Autobiography #1)",2,£36.55,In stock,default
"Harry Potter and the Deathly Hallows (Harry Potter #7)",1,£23.32,In stock,default
"Fool Me Once",1,£16.96,In stock,default
"Drama",2,£38.70,In stock,default
"Blue Lily, Lily Blue (The Raven Cycle #3)",5,£34.13,In stock,default
"Alight (The Generations Trilogy #2)",4,£58.59,In stock,default
"Vogue Colors A to Z: A Fashion Coloring Book",4,£52.35,In stock,default
"The Shining (The Shining #1)",3,£27.88,In stock,default
"The Hunger Games (The Hunger Games #1)",5,£29.85,In stock,default
"Outlander (Outlander #1)",5,£19.67,In stock,default
"Mockingjay (The Hunger Games #3)",4,£20.44,In stock,default
"Harry Potter and the Sorcerer's Stone (Harry Potter #1)",3,£13.90,In stock,default
"Confessions of a Shopaholic (Shopaholic #1)",2,£48.94,In stock,default
"Zero History (Blue Ant #3)",1,£34.77,In stock,default
"World War Z: An Oral History of the Zombie War",1,£21.80,In stock,default
"Wild: From Lost to Found on the Pacific Crest Trail",3,£46.02,In stock,default
"Where'd You Go, Bernadette",1,£18.13,In stock,default
"Twilight (Twilight #1)",2,£41.93,In stock,default
"The Paris Wife",3,£36.80,In stock,default
"The Maze Runner (The Maze Runner #1)",1,£20.93,In stock,default
"The Lover's Dictionary",2,£58.09,In stock,default
"The Goldfinch",3,£43.58,In stock,default
"The Giver (The Giver Quartet #1)",1,£12.30,In stock,default
"The Girl Who Played with Fire (Millennium Trilogy #2)",2,£22.14,In stock,default
"The Demon-Haunted World: Science as a Candle in the Dark",4,£52.25,In stock,default
"The Book Thief",2,£53.49,In stock,default
"The Autobiography of Malcolm X",2,£23.43,In stock,default
"Shopaholic & Baby (Shopaholic #5)",2,£46.45,In stock,default
"Quiet: The Power of Introverts in a World That Can't Stop Talking",1,£43.55,In stock,default
"Packing for Mars: The Curious Science of Life in the Void",2,£56.68,In stock,default
"Orange Is the New Black",2,£24.61,In stock,default
"One for the Money (Stephanie Plum #1)",2,£32.87,In stock,default
"Morning Star (Red Rising #3)",1,£29.40,In stock,default
"Life After Life",2,£26.13,In stock,default
"Lean In: Women, Work, and the Will to Lead",1,£25.02,In stock,default
"Is Everyone Hanging Out Without Me? (And Other Concerns)",3,£20.11,In stock,default
"Gone Girl",5,£37.60,In stock,default
"Fellside",1,£38.62,In stock,default
"Eclipse (Twilight #3)",1,£18.74,In stock,default
"Dracula",3,£52.62,In stock,default
"Dead Wake: The Last Crossing of the Lusitania",5,£39.24,In stock,default
"David and Goliath: Underdogs, Misfits, and the Art of Battling Giants",1,£17.81,In stock,default
"Dark Places",5,£23.90,In stock,default
"Breaking Dawn (Twilight #4)",5,£35.28,In stock,default
"Beautiful Creatures (Caster Chronicles #1)",5,£21.55,In stock,default
"A Visit from the Goon Squad",5,£14.08,In stock,default
"The Zombie Room",5,£19.69,In stock,default
"The Name of the Wind (The Kingkiller Chronicle #1)",3,£50.59,In stock,default
"Taking Shots (Assassins #1)",2,£18.88,In stock,default
"Shatter Me (Shatter Me #1)",1,£42.40,In stock,default
"Paradise Lost (Paradise #1)",1,£24.96,In stock,default
"On the Road (Duluoz Legend)",3,£32.36,In stock,default
"Jane Eyre",5,£38.43,In stock,default
"Frankenstein",2,£38.00,In stock,default
"Mesaerion: The Best Science Fiction Stories 1800-1849",1,£37.59,In stock,science-fiction
"Join",5,£35.67,In stock,science-fiction
"William Shakespeare's Star Wars: Verily, A New Hope (William Shakespeare's Star Wars #4)",4,£43.30,In stock,science-fiction
"The Project",1,£10.65,In stock,science-fiction
"Soft Apocalypse",2,£26.12,In stock,science-fiction
"Sleeping Giants (Themis Files #1)",1,£48.74,In stock,science-fiction
"Arena",4,£21.36,In stock,science-fiction
"Foundation (Foundation (Publication Order) #1)",1,£32.42,In stock,science-fiction
"The Restaurant at the End of the Universe (Hitchhiker's Guide to the Galaxy #2)",1,£10.92,In stock,science-fiction
"Ready Player One",4,£19.07,In stock,science-fiction
"Life, the Universe and Everything (Hitchhiker's Guide to the Galaxy #3)",2,£33.26,In stock,science-fiction
"Dune (Dune #1)",1,£54.86,In stock,science-fiction
"Do Androids Dream of Electric Sheep? (Blade Runner #1)",1,£51.48,In stock,science-fiction
"Three Wishes (River of Time: California #1)",2,£44.18,In stock,science-fiction
"The Last Girl (The Dominion Trilogy #1)",2,£36.26,In stock,science-fiction
"Having the Barbarian's Baby (Ice Planet Barbarians #7.5)",4,£34.96,In stock,science-fiction
"The Book of Basketball: The NBA According to The Sports Guy",5,£44.84,In stock,sports-and-games
"Friday Night Lights: A Town, a Team, and a Dream",3,£51.22,In stock,sports-and-games
"Sugar Rush (Offensive Line #2)",1,£24.42,In stock,sports-and-games
"Settling the Score (The Summer Games #1)",2,£44.91,In stock,sports-and-games
"Icing (Aces Hockey #2)",4,£40.44,In stock,sports-and-games
"The Torch Is Passed: A Harding Family Story",1,£19.09,In stock,add-a-comment
"The Mindfulness and Acceptance Workbook for Anxiety: A Guide to Breaking Free from Anxiety, Phobias, and Worry Using Acceptance and Commitment Therapy",4,£23.89,In stock,add-a-comment
"The Art Forger",3,£40.76,In stock,add-a-comment
"On a Midnight Clear",3,£14.07,In stock,add-a-comment
"Judo: Seven Steps to Black Belt (an Introductory Guide for Beginners)",2,£53.90,In stock,add-a-comment
"Shobu Samurai, Project Aryoku (#3)",3,£29.06,In stock,add-a-comment
"Modern Romance",5,£28.26,In stock,add-a-comment
"The White Queen (The Cousins' War #1)",5,£25.91,In stock,add-a-comment
"The Song of Achilles",5,£37.40,In stock,add-a-comment
"The Immortal Life of Henrietta Lacks",2,£40.67,In stock,add-a-comment
"The Dovekeepers",1,£48.78,In stock,add-a-comment
"More Than Music (Chasing the Dream #1)",2,£37.61,In stock,add-a-comment
"Code Name Verity (Code Name Verity #1)",4,£22.13,In stock,add-a-comment
"Cell",4,£20.29,In stock,add-a-comment
"Angels Walking (Angels Walking #1)",2,£34.20,In stock,add-a-comment
"A Series of Catastrophes and Miracles: A True Story of Love, Science, and Cancer",2,£56.48,In stock,add-a-comment
"A People's History of the United States",2,£40.79,In stock,add-a-comment
"A Brush of Wings (Angels Walking #3)",1,£55.51,In stock,add-a-comment
"Rook",4,£37.86,In stock,add-a-comment
"The Midnight Watch: A Novel of the Titanic and the Californian",1,£26.20,In stock,add-a-comment
"The Gray Rhino: How to Recognize and Act on the Obvious Dangers We Ignore",4,£59.15,In stock,add-a-comment
"The Children",3,£11.88,In stock,add-a-comment
"One with You (Crossfire #5)",4,£15.71,In stock,add-a-comment
"Without Shame",5,£48.27,In stock,add-a-comment
"Watchmen",4,£58.05,In stock,add-a-comment
"A Hero's Curse (The Unseen Chronicles #1)",3,£50.49,In stock,add-a-comment
"23 Degrees South: A Tropical Tale of Changing Whether...",2,£35.79,In stock,add-a-comment
"The Glass Castle",1,£16.24,In stock,add-a-comment
"The Drowning Girls",3,£35.67,In stock,add-a-comment
"Team of Rivals: The Political Genius of Abraham Lincoln",5,£20.12,In stock,add-a-comment
"John Adams",4,£57.43,In stock,add-a-comment
"Good in Bed (Cannie Shapiro #1)",5,£37.05,In stock,add-a-comment
"The Joy of Cooking",4,£43.27,In stock,add-a-comment
"The Golden Compass (His Dark Materials #1)",1,£18.77,In stock,add-a-comment
"The God Delusion",3,£46.85,In stock,add-a-comment
"Pride and Prejudice",4,£19.27,In stock,add-a-comment
"Mere Christianity",3,£48.51,In stock,add-a-comment
"Fun Home: A Family Tragicomic",4,£56.59,In stock,add-a-comment
"The Raven King (The Raven Cycle #4)",2,£30.57,In stock,add-a-comment
"Find Her (Detective D.D. Warren #8)",1,£22.37,In stock,add-a-comment
"Evicted: Poverty and Profit in the American City",1,£42.27,In stock,add-a-comment
"A Game of Thrones (A Song of Ice and Fire #1)",2,£46.42,In stock,add-a-comment
"A Clash of Kings (A Song of Ice and Fire #2)",3,£10.79,In stock,add-a-comment
"The Tipping Point: How Little Things Can Make a Big Difference",2,£10.02,In stock,add-a-comment
"The Rest Is Noise: Listening to the Twentieth Century",1,£34.77,In stock,add-a-comment
"The Purpose Driven Life: What on Earth Am I Here for?",3,£37.19,In stock,add-a-comment
"The Hitchhiker's Guide to the Galaxy (Hitchhiker's Guide to the Galaxy #1)",3,£47.80,In stock,add-a-comment
"The Girl Who Kicked the Hornet's Nest (Millennium Trilogy #3)",1,£57.48,In stock,add-a-comment
"The End of Faith: Religion, Terror, and the Future of Reason",4,£22.13,In stock,add-a-comment
"The Complete Poems",5,£41.32,In stock,add-a-comment
"The Catcher in the Rye",1,£24.55,In stock,add-a-comment
"The Case for Christ (Cases for Christianity)",1,£47.84,In stock,add-a-comment
"The Blind Side: Evolution of a Game",5,£53.71,In stock,add-a-comment
"Seven Days in the Art World",2,£52.33,In stock,add-a-comment
"Sarah's Key",1,£46.29,In stock,add-a-comment
"Rogue Lawyer (Rogue Lawyer #1)",3,£50.11,In stock,add-a-comment
"Manuscript Found in Accra",2,£34.98,In stock,add-a-comment
"Fire Bound (Sea Haven/Sisters of the Heart #5)",4,£21.28,In stock,add-a-comment
"Cosmos",2,£36.17,In stock,add-a-comment
"#GIRLBOSS",1,£50.96,In stock,add-a-comment
"The Sense of an Ending",3,£31.38,In stock,add-a-comment
"The Republic",3,£33.78,In stock,add-a-comment
"The Odyssey",3,£29.64,In stock,add-a-comment
"The Light of the Fireflies",1,£54.43,In stock,add-a-comment
"The Iliad",1,£16.16,In stock,add-a-comment
"The Communist Manifesto",3,£14.76,In stock,add-a-comment
"Lord of the Flies",3,£24.89,In stock,add-a-comment
"Unicorn Tracks",3,£18.78,In stock,fantasy
"Saga, Volume 6 (Saga (Collected Editions) #6)",3,£25.02,In stock,fantasy
"Princess Between Worlds (Wide-Awake Princess #5)",5,£13.34,In stock,fantasy
"Masks and Shadows",2,£56.40,In stock,fantasy
"Crown of Midnight (Throne of Glass #2)",3,£43.29,In stock,fantasy
"Avatar: The Last Airbender: Smoke and Shadow, Part 3 (Smoke and Shadow #3)",2,£28.09,In stock,fantasy
"A Court of Thorns and Roses (A Court of Thorns and Roses #1)",1,£52.37,In stock,fantasy
"Throne of Glass (Throne of Glass #1)",3,£35.07,In stock,fantasy
"The Glittering Court (The Glittering Court #1)",1,£44.28,In stock,fantasy
"Hollow City (Miss Peregrine’s Peculiar Children #2)",1,£42.98,In stock,fantasy
"The Star-Touched Queen",5,£46.02,In stock,fantasy
"The Hidden Oracle (The Trials of Apollo #1)",2,£52.26,In stock,fantasy
"The Bane Chronicles (The Bane Chronicles #1-11)",4,£44.73,In stock,fantasy
"Island of Dragons (Unwanteds #7)",1,£29.65,In stock,fantasy
"Demigods & Magicians: Percy and Annabeth Meet the Kanes (Percy Jackson & Kane Chronicles Crossover #1-3)",5,£37.51,In stock,fantasy
"City of Glass (The Mortal Instruments #3)",4,£56.02,In stock,fantasy
"Searching for Meaning in Gailana",1,£38.73,In stock,fantasy
"The Star-Touched Queen",5,£32.30,In stock,fantasy
"A Shard of Ice (The Black Symphony Saga #1)",3,£56.63,In stock,fantasy
"King's Folly (The Kinsman Chronicles #1)",5,£39.61,In stock,fantasy
"Every Heart a Doorway (Every Heart A Doorway #1)",5,£12.16,In stock,fantasy
"A Gathering of Shadows (Shades of Magic #2)",4,£44.81,In stock,fantasy
"The Raven Boys (The Raven Cycle #1)",4,£57.74,In stock,fantasy
"The False Prince (The Ascendance Trilogy #1)",5,£56.00,In stock,fantasy
"Tell the Wind and Fire",3,£45.51,In stock,fantasy
"A Feast for Crows (A Song of Ice and Fire #4)",4,£17.21,In stock,fantasy
"The Demonists (Demonist #1)",2,£52.11,In stock,fantasy
"The Beast (Black Dagger Brotherhood #14)",5,£46.08,In stock,fantasy
"Paper and Fire (The Great Library #2)",5,£49.45,In stock,fantasy
"Harry Potter and the Order of the Phoenix (Harry Potter #5)",4,£31.63,In stock,fantasy
"Harry Potter and the Half-Blood Prince (Harry Potter #6)",5,£48.75,In stock,fantasy
"Harry Potter and the Chamber of Secrets (Harry Potter #2)",1,£14.74,In stock,fantasy
"The Rose & the Dagger (The Wrath and the Dawn #2)",4,£58.64,In stock,fantasy
"Soldier (Talon #3)",2,£24.72,In stock,fantasy
"Midnight Riot (Peter Grant/ Rivers of London - books #1)",2,£55.46,In stock,fantasy
"Heir to the Sky",4,£44.07,In stock,fantasy
"Eragon (The Inheritance Cycle #1)",3,£43.87,In stock,fantasy
"Darkfever (Fever #1)",1,£56.02,In stock,fantasy
"Ash",4,£22.06,In stock,fantasy
"A Storm of Swords (A Song of Ice and Fire #3)",2,£31.22,In stock,fantasy
"Vampire Girl (Vampire Girl #1)",2,£53.82,In stock,fantasy
"The Silent Twin (Detective Jennifer Knight #3)",3,£36.25,In stock,fantasy
"The Mirror & the Maze (The Wrath and the Dawn #1.5)",1,£29.38,In stock,fantasy
"Sister Sable (The Mad Queen #1)",3,£13.33,In stock,fantasy
"Shadow Rites (Jane Yellowrock #10)",4,£21.72,In stock,fantasy
"Origins (Alphas 0.5)",1,£28.99,In stock,fantasy
"One Second (Seven #7)",2,£52.94,In stock,fantasy
"Myriad (Prentor #1)",4,£58.75,In stock,fantasy
"Without Borders (Wanderlove #1)",2,£45.07,In stock,new-adult
"The Mistake (Off-Campus #2)",3,£43.29,In stock,new-adult
"The Matchmaker's Playbook (Wingmen Inc. #1)",1,£55.85,In stock,new-adult
"The Hook Up (Game On #1)",5,£36.29,In stock,new-adult
"Shameless",3,£58.35,In stock,new-adult
"Off Sides (Off #1)",5,£39.45,In stock,new-adult
"The Requiem Red",1,£22.65,In stock,young-adult
"Set Me Free",5,£17.46,In stock,young-adult
"The Natural History of Us (The Fine Art of Pretending #2)",3,£45.22,In stock,young-adult
"Obsidian (Lux #1)",2,£14.86,In stock,young-adult
"Burning",3,£28.81,In stock,young-adult
"A Fierce and Subtle Poison",4,£28.13,In stock,young-adult
"Scarlett Epstein Hates It Here",5,£43.55,In stock,young-adult
"Nightingale, Sing",1,£38.28,In stock,young-adult
"Library of Souls (Miss Peregrine’s Peculiar Children #3)",5,£48.56,In stock,young-adult
"Frostbite (Vampire Academy #2)",5,£29.99,In stock,young-adult
"Wild Swans",2,£14.36,In stock,young-adult
"Until Friday Night (The Field Party #1)",2,£46.31,In stock,young-adult
"This Is Where It Ends",2,£27.12,In stock,young-adult
"The Darkest Lie",5,£35.35,In stock,young-adult
"My Kind of Crazy",1,£40.36,In stock,young-adult
"Don't Get Caught",1,£55.35,In stock,young-adult
"Catching Jordan (Hundred Oaks)",3,£50.83,In stock,young-adult
"Aristotle and Dante Discover the Secrets of the Universe (Aristotle and Dante Discover the Secrets of the Universe #1)",4,£58.14,In stock,young-adult
"The Epidemic (The Program 0.6)",5,£14.44,In stock,young-adult
"Stars Above (The Lunar Chronicles #4.5)",2,£48.05,In stock,young-adult
"No Love Allowed (Dodge Cove #1)",4,£54.65,In stock,young-adult
"Exit, Pursued by a Bear",4,£51.34,In stock,young-adult
"The Alien Club",1,£54.40,In stock,young-adult
"Don't Forget Steven",1,£33.23,In stock,young-adult
"South of Sunshine",1,£28.93,In stock,young-adult
"My Life Next Door (My Life Next Door )",5,£36.39,In stock,young-adult
"Future Shock (Future Shock #1)",5,£55.65,In stock,young-adult
"Nightstruck: A Novel",4,£50.35,In stock,young-adult
"Tell the Wolves I'm Home",2,£50.96,In stock,young-adult
"Will Grayson, Will Grayson (Will Grayson, Will Grayson)",4,£47.31,In stock,young-adult
"Where She Went (If I Stay #2)",4,£41.73,In stock,young-adult
"Two Summers",1,£14.64,In stock,young-adult
"The Darkest Corners",5,£11.33,In stock,young-adult
"Tell Me Three Things",1,£41.81,In stock,young-adult
"Lola and the Boy Next Door (Anna and the French Kiss #2)",4,£23.63,In stock,young-adult
"Kill the Boy Band",5,£15.52,In stock,young-adult
"Isla and the Happily Ever After (Anna and the French Kiss #3)",5,£48.13,In stock,young-adult
"An Abundance of Katherines",5,£10.00,In stock,young-adult
"Harry Potter and the Prisoner of Azkaban (Harry Potter #3)",4,£24.17,In stock,young-adult
"Walk the Edge (Thunder Road #2)",3,£32.36,In stock,young-adult
"Two Boys Kissing",2,£32.74,In stock,young-adult
"The New Guy (and Other Senior Year Distractions)",3,£44.92,In stock,young-adult
"The Land of 10,000 Madonnas",4,£29.64,In stock,young-adult
"Scarlet (The Lunar Chronicles #2)",4,£14.57,In stock,young-adult
"Legend (Legend #1)",4,£43.69,In stock,young-adult
"Lady Renegades (Rebel Belle #3)",5,£53.04,In stock,young-adult
"Golden (Heart of Dread #3)",4,£42.21,In stock,young-adult
"Cinder (The Lunar Chronicles #1)",1,£26.09,In stock,young-adult
"Boy Meets Boy",3,£21.12,In stock,young-adult
"Annie on My Mind",5,£36.83,In stock,young-adult
"New Moon (Twilight #2)",4,£12.86,In stock,young-adult
"Girl Online On Tour (Girl Online #2)",1,£53.47,In stock,young-adult
"The Haters",5,£27.89,In stock,young-adult
"The Art of Not Breathing",4,£40.83,In stock,young-adult
"Mesaerion: The Best Science Fiction Stories 1800-1849",1,£37.59,In stock,science
"Join",5,£35.67,In stock,science
"William Shakespeare's Star Wars: Verily, A New Hope (William Shakespeare's Star Wars #4)",4,£43.30,In stock,science
"The Project",1,£10.65,In stock,science
"Soft Apocalypse",2,£26.12,In stock,science
"Sleeping Giants (Themis Files #1)",1,£48.74,In stock,science
"Arena",4,£21.36,In stock,science
"Foundation (Foundation (Publication Order) #1)",1,£32.42,In stock,science
"The Restaurant at the End of the Universe (Hitchhiker's Guide to the Galaxy #2)",1,£10.92,In stock,science
"Ready Player One",4,£19.07,In stock,science
"Life, the Universe and Everything (Hitchhiker's Guide to the Galaxy #3)",2,£33.26,In stock,science
"Dune (Dune #1)",1,£54.86,In stock,science
"Do Androids Dream of Electric Sheep? (Blade Runner #1)",1,£51.48,In stock,science
"Three Wishes (River of Time: California #1)",2,£44.18,In stock,science
"The Last Girl (The Dominion Trilogy #1)",2,£36.26,In stock,science
"Having the Barbarian's Baby (Ice Planet Barbarians #7.5)",4,£34.96,In stock,science
"The Most Perfect Thing: Inside (and Outside) a Bird's Egg",4,£42.96,In stock,science
"Immunity: How Elie Metchnikoff Changed the Course of Modern Medicine",5,£57.36,In stock,science
"Sorting the Beef from the Bull: The Science of Food Fraud Forensics",4,£44.74,In stock,science
"Tipping Point for Planet Earth: How Close Are We to the Edge?",1,£37.55,In stock,science
"The Fabric of the Cosmos: Space, Time, and the Texture of Reality",1,£55.91,In stock,science
"Diary of a Citizen Scientist: Chasing Tiger Beetles and Other New Ways of Engaging the World",1,£28.41,In stock,science
"The Origin of Species",4,£10.01,In stock,science
"The Grand Design",3,£13.76,In stock,science
"Peak: Secrets from the New Science of Expertise",2,£16.28,In stock,science
"The Elegant Universe: Superstrings, Hidden Dimensions, and the Quest for the Ultimate Theory",4,£13.03,In stock,science
"The Disappearing Spoon: And Other True Tales of Madness, Love, and the History of the World from the Periodic Table of the Elements",5,£57.35,In stock,science
"Surely You're Joking, Mr. Feynman!: Adventures of a Curious Character",2,£25.83,In stock,science
"Seven Brief Lessons on Physics",4,£30.60,In stock,science
"The Selfish Gene",1,£29.45,In stock,science
"A Light in the Attic",3,£51.77,In stock,poetry
"The Black Maria",1,£52.15,In stock,poetry
"Shakespeare's Sonnets",4,£20.66,In stock,poetry
"Olio",1,£23.88,In stock,poetry
"You can't bury them all: Poems",2,£33.63,In stock,poetry
"Slow States of Collapse: Poems",3,£57.31,In stock,poetry
"Untitled Collection: Sabbath Poems 2014",4,£14.27,In stock,poetry
"Poems That Make Grown Women Cry",4,£14.19,In stock,poetry
"Night Sky with Exit Wounds",1,£41.05,In stock,poetry
"salt.",4,£46.78,In stock,poetry
"Quarter Life Poetry: Poems for the Young, Broke and Hangry",5,£50.89,In stock,poetry
"Out of Print: City Lights Spotlight No. 14",5,£53.64,In stock,poetry
"Les Fleurs du Mal",5,£29.04,In stock,poetry
"Howl and Other Poems",2,£40.45,In stock,poetry
"Leave This Song Behind: Teen Poetry at Its Best",5,£51.17,In stock,poetry
"The Collected Poems of W.B. Yeats (The Collected Works of W.B. Yeats #1)",5,£15.42,In stock,poetry
"The Crossover",4,£38.77,In stock,poetry
"Booked",5,£17.49,In stock,poetry
"Twenty Love Poems and a Song of Despair",4,£30.95,In stock,poetry
"Vampire Knight, Vol. 1 (Vampire Knight #1)",1,£15.40,In stock,paranormal
"Scott Pilgrim's Precious Little Life (Scott Pilgrim #1)",5,£52.29,In stock,art
"Tsubasa: WoRLD CHRoNiCLE 2 (Tsubasa WoRLD CHRoNiCLE #2)",1,£16.28,In stock,art
"This One Summer",4,£19.49,In stock,art
"The Nameless City (The Nameless City #1)",4,£38.16,In stock,art
"Saga, Volume 5 (Saga (Collected Editions) #5)",2,£51.04,In stock,art
"Rat Queens, Vol. 3: Demons (Rat Queens (Collected Editions) #11-15)",3,£50.40,In stock,art
"Princess Jellyfish 2-in-1 Omnibus, Vol. 01 (Princess Jellyfish 2-in-1 Omnibus #1)",5,£13.61,In stock,art
"Pop Gun War, Volume 1: Gift",1,£18.97,In stock,art
"Patience",3,£10.16,In stock,art
"Outcast, Vol. 1: A Darkness Surrounds Him (Outcast #1)",4,£15.44,In stock,art
"orange: The Complete Collection 1 (orange: The Complete Collection #1)",1,£48.41,In stock,art
"Lumberjanes, Vol. 2: Friendship to the Max (Lumberjanes #5-8)",2,£46.91,In stock,art
"Lumberjanes, Vol. 1: Beware the Kitten Holy (Lumberjanes #1-4)",3,£45.61,In stock,art
"Lumberjanes Vol. 3: A Terrible Plan (Lumberjanes #9-12)",2,£19.92,In stock,art
"I Hate Fairyland, Vol. 1: Madly Ever After (I Hate Fairyland (Compilations) #1-5)",2,£29.17,In stock,art
"I am a Hero Omnibus Volume 1",3,£54.63,In stock,art
"Giant Days, Vol. 2 (Giant Days #5-8)",2,£22.11,In stock,art
"Danganronpa Volume 1",4,£51.99,In stock,art
"Codename Baboushka, Volume 1: The Conclave of Death",4,£36.72,In stock,art
"Camp Midnight",4,£17.08,In stock,art
"Bitch Planet, Vol. 1: Extraordinary Machine (Bitch Planet (Collected Editions))",2,£37.92,In stock,art
"The Shadow Hero (The Shadow Hero)",1,£33.14,In stock,art
"Fables, Vol. 1: Legends in Exile (Fables #1)",4,£41.62,In stock,art
"Batman: The Long Halloween (Batman)",2,£36.50,In stock,art
"Batman: The Dark Knight Returns (Batman)",5,£15.38,In stock,art
"Wonder Woman: Earth One, Volume One (Wonder Woman: Earth One #1)",4,£37.34,In stock,art
"We Are Robin, Vol. 1: The Vigilante Business (We Are Robin #1)",1,£53.90,In stock,art
"Through the Woods",2,£25.38,In stock,art
"Superman Vol. 1: Before Truth (Superman by Gene Luen Yang #1)",5,£11.89,In stock,art
"So Cute It Hurts!!, Vol. 6 (So Cute It Hurts!! #6)",4,£35.43,In stock,art
"Robin War",3,£47.82,In stock,art
"Red Hood/Arsenal, Vol. 1: Open for Business (Red Hood/Arsenal #1)",2,£25.48,In stock,art
"Naruto (3-in-1 Edition), Vol. 14: Includes Vols. 40, 41 & 42 (Naruto: Omnibus #14)",2,£38.39,In stock,art
"Lowriders to the Center of the Earth (Lowriders in Space #2)",2,£51.51,In stock,art
"El Deafo",5,£57.62,In stock,art
"Batman: Europa",2,£32.01,In stock,art
"Art Ops Vol. 1",3,£48.80,In stock,art
"Adulthood Is a Myth: A "Sarah's Scribbles" Collection",2,£10.90,In stock,art
"Fruits Basket, Vol. 9 (Fruits Basket #9)",4,£33.95,In stock,art
"Roller Girl",5,£14.10,In stock,art
"Fruits Basket, Vol. 7 (Fruits Basket #7)",1,£19.57,In stock,art
"Fruits Basket, Vol. 6 (Fruits Basket #6)",4,£20.96,In stock,art
"Death Note, Vol. 6: Give-and-Take (Death Note #6)",3,£36.39,In stock,art
"Fruits Basket, Vol. 5 (Fruits Basket #5)",1,£16.33,In stock,art
"Death Note, Vol. 5: Whiteout (Death Note #5)",1,£52.41,In stock,art
"The Demon Prince of Momochi House, Vol. 4 (The Demon Prince of Momochi House #4)",2,£27.88,In stock,art
"Fruits Basket, Vol. 4 (Fruits Basket #4)",4,£50.44,In stock,art
"The Wicked + The Divine, Vol. 3: Commercial Suicide (The Wicked + The Divine)",3,£14.41,In stock,art
"The Sandman, Vol. 3: Dream Country (The Sandman (volumes) #3)",5,£55.55,In stock,art
"Saga, Volume 3 (Saga (Collected Editions) #3)",5,£21.57,In stock,art
"Prodigy: The Graphic Novel (Legend: The Graphic Novel #2)",3,£43.63,In stock,art
"Persepolis: The Story of a Childhood (Persepolis #1-2)",1,£39.13,In stock,art
"Original Fake",3,£31.45,In stock,art
"Grayson, Vol 3: Nemesis (Grayson #3)",1,£42.72,In stock,art
"Fruits Basket, Vol. 3 (Fruits Basket #3)",2,£45.17,In stock,art
"Black Butler, Vol. 1 (Black Butler #1)",1,£49.31,In stock,art
"Awkward",2,£38.02,In stock,art
"The Sandman, Vol. 2: The Doll's House (The Sandman (volumes) #2)",1,£54.81,In stock,art
"Saga, Volume 2 (Saga (Collected Editions) #2)",3,£11.75,In stock,art
"Fruits Basket, Vol. 2 (Fruits Basket #2)",5,£11.64,In stock,art
"Y: The Last Man, Vol. 1: Unmanned (Y: The Last Man #1)",4,£18.51,In stock,art
"The Wicked + The Divine, Vol. 1: The Faust Act (The Wicked + The Divine)",2,£36.52,In stock,art
"The Sandman, Vol. 1: Preludes and Nocturnes (The Sandman (volumes) #1)",3,£54.12,In stock,art
"The Complete Maus (Maus #1-2)",3,£10.64,In stock,art
"Skip Beat!, Vol. 01 (Skip Beat! #1)",3,£42.12,In stock,art
"Saga, Volume 1 (Saga (Collected Editions) #1)",1,£28.48,In stock,art
"Rat Queens, Vol. 1: Sass & Sorcery (Rat Queens (Collected Editions) #1-5)",5,£46.96,In stock,art
"Paper Girls, Vol. 1 (Paper Girls #1-5)",4,£21.71,In stock,art
"Ouran High School Host Club, Vol. 1 (Ouran High School Host Club #1)",3,£29.87,In stock,art
"Ms. Marvel, Vol. 1: No Normal (Ms. Marvel (2014-2015) #1)",4,£39.39,In stock,art
"Hawkeye, Vol. 1: My Life as a Weapon (Hawkeye #1)",3,£45.24,In stock,art
"Giant Days, Vol. 1 (Giant Days #1-4)",4,£56.76,In stock,art
"Fruits Basket, Vol. 1 (Fruits Basket #1)",5,£40.28,In stock,art
"Bleach, Vol. 1: Strawberry and the Soul Reapers (Bleach #1)",5,£34.65,In stock,art
"Ajin: Demi-Human, Volume 1 (Ajin: Demi-Human #1)",4,£57.06,In stock,art
"Wall and Piece",4,£44.18,In stock,art
"Feathers: Displays of Brilliant Plumage",3,£49.05,In stock,art
"Art and Fear: Observations on the Perils (and Rewards) of Artmaking",4,£48.63,In stock,art
"The New Drawing on the Right Side of the Brain",3,£43.02,In stock,art
"History of Beauty",4,£10.29,In stock,art
"The Story of Art",4,£41.14,In stock,art
"The Art Book",2,£32.34,In stock,art
"Ways of Seeing",5,£39.51,In stock,art
"The Lucifer Effect: Understanding How Good People Turn Evil",1,£10.40,In stock,psychology
"The Golden Condom: And Other Essays on Love Lost and Found",1,£39.43,In stock,psychology
"It Didn't Start with You: How Inherited Family Trauma Shapes Who We Are and How to End the Cycle",3,£56.27,In stock,psychology
"An Unquiet Mind: A Memoir of Moods and Madness",3,£21.30,In stock,psychology
"Thinking, Fast and Slow",1,£21.14,In stock,psychology
"Civilization and Its Discontents",2,£59.95,In stock,psychology
"8 Keys to Mental Health Through Exercise",1,£31.04,In stock,psychology
"The Argonauts",2,£10.93,In stock,autobiography
"M Train",1,£27.18,In stock,autobiography
"Lab Girl",1,£40.85,In stock,autobiography
"Approval Junkie: Adventures in Caring Too Much",5,£58.81,In stock,autobiography
"Running with Scissors",4,£12.91,In stock,autobiography
"Me Talk Pretty One Day",2,£57.60,In stock,autobiography
"Lust & Wonder",2,£11.87,In stock,autobiography
"Life Without a Recipe",5,£59.04,In stock,autobiography
"A Heartbreaking Work of Staggering Genius",5,£54.29,In stock,autobiography
"Catastrophic Happiness: Finding Joy in Childhood's Messy Years",2,£37.35,In stock,parenting
"Fifty Shades Freed (Fifty Shades #3)",5,£15.36,In stock,adult-fiction
"The Long Haul (Diary of a Wimpy Kid #9)",1,£44.07,In stock,humor
"Old School (Diary of a Wimpy Kid #10)",5,£11.83,In stock,humor
"I Know What I'm Doing -- and Other Lies I Tell Myself: Dispatches from a Life Under Construction",4,£25.98,In stock,humor
"Hyperbole and a Half: Unfortunate Situations, Flawed Coping Mechanisms, Mayhem, and Other Things That Happened",5,£14.75,In stock,humor
"Dress Your Family in Corduroy and Denim",3,£43.68,In stock,humor
"Toddlers Are A**holes: It's Not Your Fault",1,£25.55,In stock,humor
"When You Are Engulfed in Flames",5,£30.89,In stock,humor
"Naked",3,£31.69,In stock,humor
"Lamb: The Gospel According to Biff, Christ's Childhood Pal",5,£55.50,In stock,humor
"Holidays on Ice",2,£51.07,In stock,humor
"Security",2,£39.25,In stock,horror
"Follow You Home",1,£21.36,In stock,horror
"The Loney",1,£23.40,In stock,horror
"Pet Sematary",3,£10.56,In stock,horror
"Doctor Sleep (The Shining #2)",2,£40.12,In stock,horror
"Psycho: Sanitarium (Psycho #1.5)",5,£36.97,In stock,horror
"Can You Keep a Secret? (Fear Street Relaunch #4)",1,£48.64,In stock,horror
"Red Dragon (Hannibal Lecter #1)",3,£23.37,In stock,horror
"Dracula the Un-Dead",5,£35.63,In stock,horror
"Night Shift (Night Shift #1-20)",4,£12.75,In stock,horror
"Needful Things",4,£47.51,In stock,horror
"Misery",2,£34.79,In stock,horror
"It",3,£25.01,In stock,horror
"'Salem's Lot",4,£49.56,In stock,horror
"The Stand",2,£57.86,In stock,horror
"The Girl with All the Gifts",3,£49.47,In stock,horror
"House of Leaves",1,£54.89,In stock,horror
"Sapiens: A Brief History of Humankind",5,£54.23,In stock,history
"Unbound: How Eight Technologies Made Us Human, Transformed Society, and Brought Our World to the Brink",1,£25.52,In stock,history
"The Age of Genius: The Seventeenth Century and the Birth of the Modern Mind",1,£19.73,In stock,history
"Political Suicide: Missteps, Peccadilloes, Bad Calls, Backroom Hijinx, Sordid Pasts, Rotten Breaks, and Just Plain Dumb Mistakes in the Annals of American Politics",2,£36.28,In stock,history
"Thomas Jefferson and the Tripoli Pirates: The Forgotten War That Changed American History",1,£59.64,In stock,history
"Zealot: The Life and Times of Jesus of Nazareth",3,£24.70,In stock,history
"A Distant Mirror: The Calamitous 14th Century",3,£14.58,In stock,history
"1491: New Revelations of the Americas Before Columbus",3,£21.80,In stock,history
"Brilliant Beacons: A History of the American Lighthouse",3,£11.45,In stock,history
""Most Blessed of the Patriarchs": Thomas Jefferson and the Empire of the Imagination",5,£44.48,In stock,history
"A Short History of Nearly Everything",5,£52.40,In stock,history
"The Rise and Fall of the Third Reich: A History of Nazi Germany",2,£39.67,In stock,history
"Catherine the Great: Portrait of a Woman",4,£58.55,In stock,history
"The Mathews Men: Seven Brothers and the War Against Hitler's U-boats",5,£42.91,In stock,history
"The Hiding Place",4,£55.91,In stock,history
"America's War for the Greater Middle East: A Military History",2,£51.22,In stock,history
"The Guns of August",2,£14.54,In stock,history
"House of Lost Worlds: Dinosaurs, Dynasties, and the Story of Life on Earth",2,£43.70,In stock,history
"Sapiens: A Brief History of Humankind",5,£54.23,In stock,history
"Unbound: How Eight Technologies Made Us Human, Transformed Society, and Brought Our World to the Brink",1,£25.52,In stock,history
"The Age of Genius: The Seventeenth Century and the Birth of the Modern Mind",1,£19.73,In stock,history
"Political Suicide: Missteps, Peccadilloes, Bad Calls, Backroom Hijinx, Sordid Pasts, Rotten Breaks, and Just Plain Dumb Mistakes in the Annals of American Politics",2,£36.28,In stock,history
"Thomas Jefferson and the Tripoli Pirates: The Forgotten War That Changed American History",1,£59.64,In stock,history
"Zealot: The Life and Times of Jesus of Nazareth",3,£24.70,In stock,history
"A Distant Mirror: The Calamitous 14th Century",3,£14.58,In stock,history
"1491: New Revelations of the Americas Before Columbus",3,£21.80,In stock,history
"Brilliant Beacons: A History of the American Lighthouse",3,£11.45,In stock,history
""Most Blessed of the Patriarchs": Thomas Jefferson and the Empire of the Imagination",5,£44.48,In stock,history
"A Short History of Nearly Everything",5,£52.40,In stock,history
"The Rise and Fall of the Third Reich: A History of Nazi Germany",2,£39.67,In stock,history
"Catherine the Great: Portrait of a Woman",4,£58.55,In stock,history
"The Mathews Men: Seven Brothers and the War Against Hitler's U-boats",5,£42.91,In stock,history
"The Hiding Place",4,£55.91,In stock,history
"America's War for the Greater Middle East: A Military History",2,£51.22,In stock,history
"The Guns of August",2,£14.54,In stock,history
"House of Lost Worlds: Dinosaurs, Dynasties, and the Story of Life on Earth",2,£43.70,In stock,history
"Foolproof Preserving: A Guide to Small Batch Jams, Jellies, Pickles, Condiments, and More: A Foolproof Guide to Making Small Batch Jams, Jellies, Pickles, Condiments, and More",3,£30.52,In stock,food-and-drink
"The Pioneer Woman Cooks: Dinnertime: Comfort Classics, Freezer Food, 16-Minute Meals, and Other Delicious Ways to Solve Supper!",1,£56.41,In stock,food-and-drink
"My Paris Kitchen: Recipes and Stories",2,£33.37,In stock,food-and-drink
"Mama Tried: Traditional Italian Cooking for the Screwed, Crude, Vegan, and Tattooed",4,£14.02,In stock,food-and-drink
"Layered: Baking, Building, and Styling Spectacular Cakes",1,£40.11,In stock,food-and-drink
"The Nerdy Nummies Cookbook: Sweet Treats for the Geek in All of Us",5,£37.34,In stock,food-and-drink
"The Love and Lemons Cookbook: An Apple-to-Zucchini Celebration of Impromptu Cooking",2,£37.60,In stock,food-and-drink
"The Cookies & Cups Cookbook: 125+ sweet & savory recipes reminding you to Always Eat Dessert First",1,£41.25,In stock,food-and-drink
"Deliciously Ella Every Day: Quick and Easy Recipes for Gluten-Free Snacks, Packed Lunches, and Simple Meals",3,£42.16,In stock,food-and-drink
"The Help Yourself Cookbook for Kids: 60 Easy Plant-Based Recipes Kids Can Make to Stay Healthy and Save the Earth",3,£28.77,In stock,food-and-drink
"It's All Easy: Healthy, Delicious Weeknight Meals in under 30 Minutes",1,£19.55,In stock,food-and-drink
"Barefoot Contessa Back to Basics",1,£28.01,In stock,food-and-drink
"Barefoot Contessa at Home: Everyday Recipes You'll Make Over and Over Again",5,£50.62,In stock,food-and-drink
"My Kitchen Year: 136 Recipes That Saved My Life",2,£11.53,In stock,food-and-drink
"Everyday Italian: 125 Simple and Delicious Recipes",5,£20.10,In stock,food-and-drink
"A la Mode: 120 Recipes in 60 Pairings: Pies, Tarts, Cakes, Crisps, and More Topped with Ice Cream, Gelato, Frozen Custard, and More",1,£38.77,In stock,food-and-drink
"Cravings: Recipes for What You Want to Eat",3,£20.50,In stock,food-and-drink
"The Moosewood Cookbook: Recipes from Moosewood Restaurant, Ithaca, New York",4,£12.34,In stock,food-and-drink
"32 Yolks",2,£53.63,In stock,food-and-drink
"Naturally Lean: 125 Nourishing Gluten-Free, Plant-Based Recipes--All Under 300 Calories",5,£11.38,In stock,food-and-drink
"How to Cook Everything Vegetarian: Simple Meatless Recipes for Great Food (How to Cook Everything)",4,£46.01,In stock,food-and-drink
"How to Be a Domestic Goddess: Baking and the Art of Comfort Cooking",2,£28.25,In stock,food-and-drink
"The Barefoot Contessa Cookbook",5,£59.92,In stock,food-and-drink
"Better Homes and Gardens New Cook Book",3,£39.61,In stock,food-and-drink
"The Power Greens Cookbook: 140 Delicious Superfood Recipes",5,£11.05,In stock,food-and-drink
"Mexican Today: New and Rediscovered Recipes for Contemporary Kitchens",5,£24.91,In stock,food-and-drink
"Vegan Vegetarian Omnivore: Dinner for Everyone at the Table",2,£13.66,In stock,food-and-drink
"The Smitten Kitchen Cookbook",1,£23.59,In stock,food-and-drink
"The Art of Simple Food: Notes, Lessons, and Recipes from a Delicious Revolution",3,£34.32,In stock,food-and-drink
"Hungry Girl Clean & Hungry: Easy All-Natural Recipes for Healthy Eating in the Real World",3,£33.14,In stock,food-and-drink
"Redeeming Love",5,£20.47,In stock,christian-fiction
"Close to You",4,£49.46,In stock,christian-fiction
"Shadows of the Past (Logan Point #1)",5,£39.67,In stock,christian-fiction
"Like Never Before (Walker Family #2)",2,£28.77,In stock,christian-fiction
"Counted With the Stars (Out from Egypt #1)",5,£17.97,In stock,christian-fiction
"If I Run (If I Run #1)",4,£49.97,In stock,christian-fiction
"The Dirty Little Secrets of Getting Your Dream Job",4,£33.34,In stock,business
"The Third Wave: An Entrepreneur’s Vision of the Future",5,£12.61,In stock,business
"The 10% Entrepreneur: Live Your Startup Dream Without Quitting Your Day Job",3,£27.55,In stock,business
"Shoe Dog: A Memoir by the Creator of NIKE",2,£23.99,In stock,business
"Made to Stick: Why Some Ideas Survive and Others Die",5,£38.85,In stock,business
"Quench Your Own Thirst: Business Lessons Learned Over a Beer or Two",1,£43.14,In stock,business
"The Art of Startup Fundraising",3,£21.00,In stock,business
"Born for This: How to Find the Work You Were Meant to Do",5,£21.59,In stock,business
"The E-Myth Revisited: Why Most Small Businesses Don't Work and What to Do About It",1,£36.91,In stock,business
"Rich Dad, Poor Dad",1,£51.74,In stock,business
"The Lean Startup: How Today's Entrepreneurs Use Continuous Innovation to Create Radically Successful Businesses",3,£33.92,In stock,business
"Rework",2,£44.88,In stock,business
"The Argonauts",2,£10.93,In stock,biography
"M Train",1,£27.18,In stock,biography
"Lab Girl",1,£40.85,In stock,biography
"Approval Junkie: Adventures in Caring Too Much",5,£58.81,In stock,biography
"Running with Scissors",4,£12.91,In stock,biography
"Me Talk Pretty One Day",2,£57.60,In stock,biography
"Lust & Wonder",2,£11.87,In stock,biography
"Life Without a Recipe",5,£59.04,In stock,biography
"A Heartbreaking Work of Staggering Genius",5,£54.29,In stock,biography
"Louisa: The Extraordinary Life of Mrs. Adams",2,£16.85,In stock,biography
"Setting the World on Fire: The Brief, Astonishing Life of St. Catherine of Siena",2,£21.15,In stock,biography
"The Faith of Christopher Hitchens: The Restless Soul of the World's Most Notorious Atheist",1,£39.55,In stock,biography
"Benjamin Franklin: An American Life",3,£48.19,In stock,biography
"The Rise of Theodore Roosevelt (Theodore Roosevelt #1)",3,£42.57,In stock,biography
"In Her Wake",1,£12.84,In stock,thriller
"The Elephant Tree",5,£23.82,In stock,thriller
"Behind Closed Doors",4,£52.22,In stock,thriller
"You (You #1)",5,£43.61,In stock,thriller
"The Guilty (Will Robie #4)",2,£13.82,In stock,thriller
"The 14th Colony (Cotton Malone #11)",1,£39.24,In stock,thriller
"Give It Back",2,£18.32,In stock,thriller
"Killing Floor (Jack Reacher #1)",4,£31.49,In stock,thriller
"The Bone Hunters (Lexy Vaughan & Steven Macaulay #2)",3,£59.71,In stock,thriller
"Far From True (Promise Falls Trilogy #2)",2,£34.93,In stock,thriller
"The Travelers",1,£15.77,In stock,thriller
"When We Collided",1,£31.77,In stock,contemporary
"Someone Like You (The Harrisons #2)",5,£52.79,In stock,contemporary
"We Are All Completely Beside Ourselves",1,£24.04,In stock,contemporary
"The Four Agreements: A Practical Guide to Personal Freedom",5,£17.66,In stock,spirituality
"The Activist's Tao Te Ching: Ancient Advice for a Modern Revolution",5,£32.24,In stock,spirituality
"Chasing Heaven: What Dying Taught Me About Living",2,£37.80,In stock,spirituality
"If I Gave You God's Phone Number....: Searching for Spirituality in America",1,£20.91,In stock,spirituality
"Unreasonable Hope: Finding Faith in the God Who Brings Purpose to Your Pain",2,£46.33,In stock,spirituality
"A New Earth: Awakening to Your Life's Purpose",5,£55.65,In stock,spirituality
"Logan Kade (Fallen Crest High #5.5)",2,£13.12,In stock,academic
"Online Marketing for Busy Authors: A Step-By-Step Guide",1,£46.35,In stock,self-help
"How to Be Miserable: 40 Strategies You Already Use",1,£46.03,In stock,self-help
"Overload: How to Unplug, Unwind, and Unleash Yourself from the Pressure of Stress",3,£52.15,In stock,self-help
"You Are a Badass: How to Stop Doubting Your Greatness and Start Living an Awesome Life",3,£12.08,In stock,self-help
"How to Stop Worrying and Start Living",5,£46.49,In stock,self-help
"Tipping the Velvet",1,£53.74,In stock,historical
"Forever and Forever: The Courtship of Henry Longfellow and Fanny Appleton",3,£29.69,In stock,historical
"A Flight of Arrows (The Pathfinders #2)",5,£55.53,In stock,historical
"The House by the Lake",1,£36.95,In stock,historical
"Mrs. Houdini",5,£30.25,In stock,historical
"The Marriage of Opposites",4,£28.08,In stock,historical
"Glory over Everything: Beyond The Kitchen House",3,£45.84,In stock,historical
"Love, Lies and Spies",2,£20.55,In stock,historical
"A Paris Apartment",4,£39.01,In stock,historical
"Lilac Girls",2,£17.28,In stock,historical
"The Constant Princess (The Tudor Court #1)",3,£16.62,In stock,historical
"The Invention of Wings",1,£37.34,In stock,historical
"World Without End (The Pillars of the Earth #2)",4,£32.97,In stock,historical
"The Passion of Dolssa",5,£28.32,In stock,historical
"Girl With a Pearl Earring",1,£26.77,In stock,historical
"Voyager (Outlander #3)",5,£21.07,In stock,historical
"The Red Tent",5,£35.66,In stock,historical
"The Last Painting of Sara de Vos",2,£55.55,In stock,historical
"The Guernsey Literary and Potato Peel Pie Society",1,£49.53,In stock,historical
"Girl in the Blue Coat",2,£46.83,In stock,historical
"Between Shades of Gray",5,£20.79,In stock,historical
"While You Were Mine",5,£41.32,In stock,historical
"The Secret Healer",3,£34.56,In stock,historical
"Starlark",3,£25.83,In stock,historical
"Lost Among the Living",4,£27.70,In stock,historical
"A Spy's Devotion (The Regency Spies of London #1)",5,£16.97,In stock,historical
"All the Light We Cannot See",5,£29.87,In stock,historical
"The Girl You Left Behind (The Girl You Left Behind #1)",1,£15.79,In stock,historical
"Redeeming Love",5,£20.47,In stock,christian
"Close to You",4,£49.46,In stock,christian
"Shadows of the Past (Logan Point #1)",5,£39.67,In stock,christian
"Like Never Before (Walker Family #2)",2,£28.77,In stock,christian
"Counted With the Stars (Out from Egypt #1)",5,£17.97,In stock,christian
"If I Run (If I Run #1)",4,£49.97,In stock,christian
"(Un)Qualified: How God Uses Broken People to Do Big Things",5,£54.00,In stock,christian
"Crazy Love: Overwhelmed by a Relentless God",2,£47.72,In stock,christian
"Blue Like Jazz: Nonreligious Thoughts on Christian Spirituality",1,£25.77,In stock,christian
"Silence in the Dark (Logan Point #4)",3,£58.33,In stock,suspense
"The Grownup",1,£35.88,In stock,short-stories
"Suzie Snowflake: One beautiful flake (a self-esteem story)",5,£54.81,In stock,novels
"The Bulletproof Diet: Lose up to a Pound a Day, Reclaim Energy and Focus, Upgrade Your Life",3,£49.05,In stock,health
"Eat Fat, Get Thin",2,£54.07,In stock,health
"10-Day Green Smoothie Cleanse: Lose Up to 15 Pounds in 10 Days!",5,£49.71,In stock,health
"The Art and Science of Low Carbohydrate Living",5,£52.98,In stock,health
"Libertarianism for Beginners",2,£51.33,In stock,politics
"Why the Right Went Wrong: Conservatism--From Goldwater to the Tea Party and Beyond",4,£52.65,In stock,politics
"Equal Is Unfair: America's Misguided Fight Against Income Inequality",1,£56.86,In stock,politics
"Amid the Chaos",1,£36.58,In stock,cultural
"Dark Notes",5,£19.19,In stock,erotica
"The Long Shadow of Small Ghosts: Murder and Memory in an American City",1,£10.97,In stock,crime
